Contract Number,Project Number,CPARS (FAR Subpart 42.15),Government Furnished Property (52.245-1),Progress towards SB Subcontracting Plans (52.219-9),Reporting Executive Compensation and FIrst-Tier Subcontract Awards (52.204-10),Import Status,Reason,
7012806,10701,0,0,0,0,Fail,Contract with project number 10701 not found,
DE-NR 0000567 ,10701.015,0,0,0,0,Fail,Contract with project number 10701.015 not found,
NA,10734,0,0,0,0,Fail,Contract with project number 10734 not found,
DE-EM000837,10784,0,0,0,0,Fail,Contract with project number 10784 not found,
W911KB-D-0006 TO 0005,10794,0,0,0,0,Fail,Contract with project number 10794 not found,
,10850,0,0,0,0,Fail,Contract with project number 10850 not found,
EP-S9-14-01,10855,0,0,0,0,Fail,Contract with project number 10855 not found,
I2DH-9-00052,10861,1,0,0,1,Fail,Contract with project number 10861 not found,
,10895,0,0,0,0,Fail,Contract with project number 10895 not found,
W91ZLK-13-D-0014,10912,0,0,0,0,Fail,Contract with project number 10912 not found,
W9128F18D0026 ,10914,0,0,0,1,Fail,Contract with project number 10914 not found,
W912Hn-11-D-0015-0014,20026.014,1,0,0,0,Fail,Far Clause mapping not found for project number 20026.014.,
W91ZLK-13-D-0014,20085,0,0,0,0, , ,
HSCG50-14-D-PXA701,20089.009,0,0,0,0, , ,
HSCG50-14-D-PXA701 ,20089.019,0,0,0,0, , ,
HSCG50-14-D-PXA701,20089.02,0,0,0,0, , ,
70Z08718FPJT22600,20089.021,0,0,0,0, , ,
70Z08718FPJT25200,20089.023,0,0,0,0, , ,
70Z08719FPJT55400,20089.024,0,0,0,0, , ,
W912BV-12-d-0007 0005,20115.001,1,0,0,1,Fail,Far Clause mapping not found for project number 20115.001.Far Clause mapping not found for project number 20115.001.,
 W9124J-18-D-0007 ,20121.001,1,0,0,1,Fail,Far Clause mapping not found for project number 20121.001.Far Clause mapping not found for project number 20121.001.,
W9124J18F0084,20121.002,0,1,0,0,Success,Far Clause added for project number 20121.002 has been added successfully,
W9124J-18-D-0007,20121.003,0,0,0,1,Fail,Far Clause mapping not found for project number 20121.003.,
L14PC00105,30130.078,1,0,0,0,Fail,Far Clause mapping not found for project number 30130.078.,
L14PC00105,30130.08,1,0,0,0,Fail,Far Clause mapping not found for project number 30130.08.,
L14PC00105,30130.082,1,0,0,0,Fail,Far Clause mapping not found for project number 30130.082.,
L14PC00105,30130.083,1,0,0,0,Fail,Far Clause mapping not found for project number 30130.083.,
L14PC00105,30130.084,1,0,0,0,Fail,Far Clause mapping not found for project number 30130.084.,
L14PC00105,30130.085,1,0,0,0,Fail,Far Clause mapping not found for project number 30130.085.,
L14PC00105,30130.088,1,0,0,0,Fail,Far Clause mapping not found for project number 30130.088.,
L14PC00105,30130.092,1,0,0,0,Fail,Far Clause mapping not found for project number 30130.092.,
L14PC00105,30130.093,1,0,0,0,Fail,Far Clause mapping not found for project number 30130.093.,
L14PC00105,30130.096,1,0,0,0,Fail,Far Clause mapping not found for project number 30130.096.,
L14PC00105,30130.097,1,0,0,0,Fail,Far Clause mapping not found for project number 30130.097.,
GS10F-111BA,30131.019,0,0,0,0, , ,
GS-10F-111BA,30131.023,0,0,0,0, , ,
GS-10F-111BA,30131.025,0,0,0,1,Fail,Far Clause mapping not found for project number 30131.025.,
GS-10F-111BA,30131.026,0,0,0,0, , ,
GS-10F-111BA,30131.028,0,0,0,0, , ,
GS-10F-111BA,30131.029,0,0,0,0, , ,
GS-10F-111BA,30131.03,0,0,0,0, , ,
GS-10F-111BA,30131.031,0,0,0,1,Fail,Far Clause mapping not found for project number 30131.031.,
GS-10F-111BA,30131.032,0,0,0,0, , ,
GS-10F-111BA,30131.033,0,0,0,0, , ,
GS-10F-111BA,30131.034,0,0,0,0, , ,
GS-10F-111BA,30131.035,0,0,0,0, , ,
GS-10F-111BA,30131.036,1,0,0,0,Fail,Far Clause mapping not found for project number 30131.036.,
GS-10F-111BA,30131.037,1,0,0,1,Fail,Far Clause mapping not found for project number 30131.037.Far Clause mapping not found for project number 30131.037.,
GS-10F-111BA,30131.038,1,0,0,0,Fail,Far Clause mapping not found for project number 30131.038.,
GS-10F-111BA,30131.039,0,0,0,0, , ,
GS-10F-111BA,30131.04,1,0,0,1,Fail,Far Clause mapping not found for project number 30131.04.Far Clause mapping not found for project number 30131.04.,
W9124A-16-C-0001,30185.001,0,0,0,1,Fail,Far Clause mapping not found for project number 30185.001.,
DE-NE0008517 ,30200.003,1,0,0,1,Fail,Far Clause mapping not found for project number 30200.003.Far Clause mapping not found for project number 30200.003.,
DE-NE0008517 ,30200.004,1,0,0,1,Fail,Far Clause mapping not found for project number 30200.004.Far Clause mapping not found for project number 30200.004.,
W912DQ-14-D-3011 DO CV01,30233,1,1,0,1,Fail,Far Clause added for project number 30233 has been added successfullyFar Clause mapping not found for project number 30233.,
W9124R-17-C-0007,30249,1,1,0,1,Fail,Far Clause added for project number 30249 has been added successfullyFar Clause mapping not found for project number 30249.,
AG-4D90-C-17-0017,30254.001,1,0,0,0,Fail,Far Clause mapping not found for project number 30254.001.,
W912PP17C0016,30276,1,0,0,1,Fail,Far Clause mapping not found for project number 30276.Far Clause mapping not found for project number 30276.,
AG-4D90-C-17-0028,30281,0,0,0,1,Fail,Far Clause mapping not found for project number 30281.,
W912DQ-14-D-3011 -002,30285.002,1,0,0,1,Fail,Far Clause mapping not found for project number 30285.002.Far Clause mapping not found for project number 30285.002.,
W912DQ14D3011,30285.003,1,0,0,0,Fail,Far Clause mapping not found for project number 30285.003.,
140A1118P0030,30311,1,0,0,0,Fail,Far Clause mapping not found for project number 30311.,
390927,30313,1,0,0,1,Fail,Far Clause mapping not found for project number 30313.Far Clause mapping not found for project number 30313.,
12447U18F0076,30318.004,0,1,0,1,Fail,Far Clause added for project number 30318.004 has been added successfullyFar Clause mapping not found for project number 30318.004.,
12447U18F0083,30318.005,0,1,0,1,Fail,Far Clause added for project number 30318.005 has been added successfullyFar Clause mapping not found for project number 30318.005.,
12447U18F0089,30318.006,0,1,0,1,Fail,Far Clause added for project number 30318.006 has been added successfullyFar Clause mapping not found for project number 30318.006.,
75H70719F05001,030341.019.01,1,0,0,1,Fail,Far Clause mapping not found for project number 030341.019.01.Far Clause mapping not found for project number 030341.019.01.,
75H70719F05002,030341.019.02,1,0,0,1,Fail,Far Clause mapping not found for project number 030341.019.02.Far Clause mapping not found for project number 030341.019.02.,
75H70719F0503,030341.019.03,1,0,0,1,Fail,Far Clause mapping not found for project number 030341.019.03.Far Clause mapping not found for project number 030341.019.03.,
75H70719F05004,030341.019.04,1,0,0,1,Fail,Far Clause mapping not found for project number 030341.019.04.Far Clause mapping not found for project number 030341.019.04.,
70B01C18C00000088,30347,0,1,0,0,Success,Far Clause added for project number 30347 has been added successfully,
140P8008P0097,30362,1,0,0,0,Fail,Far Clause mapping not found for project number 30362.,
140L0618D0013,30363.001,1,0,0,1,Fail,Far Clause mapping not found for project number 30363.001.Far Clause mapping not found for project number 30363.001.,
140L0618D0013,30363.002,1,0,0,1,Fail,Far Clause mapping not found for project number 30363.002.Far Clause mapping not found for project number 30363.002.,
FA252118C0021,30365,0,1,0,1,Fail,Far Clause added for project number 30365 has been added successfullyFar Clause mapping not found for project number 30365.,
140R4018C0028,30369,1,0,0,0,Fail,Far Clause mapping not found for project number 30369.,
1202NV18D0001,30370,0,0,0,0, , ,
140F0119D0003,30378,1,0,0,1,Fail,Far Clause mapping not found for project number 30378.Far Clause mapping not found for project number 30378.,
140F0119D0003,30378.001,0,0,0,0, , ,
140F0119D0003,30378.002,1,0,0,1,Fail,Far Clause mapping not found for project number 30378.002.Far Clause mapping not found for project number 30378.002.,
12SPEC18F0054,30384,0,0,0,1,Fail,Far Clause mapping not found for project number 30384.,
W912PP19D0009,30388,1,0,0,1,Fail,Far Clause mapping not found for project number 30388.Far Clause mapping not found for project number 30388.,
W912PP19D0009,30388.001,0,0,0,1,Fail,Contract with project number 30388.001 not found,
140L1219C0001,30405,1,0,0,1,Fail,Far Clause mapping not found for project number 30405.Far Clause mapping not found for project number 30405.,
12FPC419C0004,30415,0,0,0,1,Fail,Far Clause mapping not found for project number 30415.,
W9128F19P0095,30418.001,0,0,0,1,Fail,Far Clause mapping not found for project number 30418.001.,
25774-YUS-FC3-ak00-00001,40050,0,0,0,0, , ,
W912EF-16-D-0001,40060,1,0,0,0,Fail,Far Clause mapping not found for project number 40060.,
 W912EF-16-D-0001 ,40060.005,0,0,0,0, , ,
W912EF-16-D-0001,40060.006,1,0,0,0,Fail,Far Clause mapping not found for project number 40060.006.,
W912DY-15-D-0080-0002,40062.002,1,0,0,0,Fail,Far Clause mapping not found for project number 40062.002.,
,40062.003,1,0,0,1,Fail,Far Clause mapping not found for project number 40062.003.Far Clause mapping not found for project number 40062.003.,
L17PC00024,040093.100.03,1,0,0,0,Fail,Far Clause mapping not found for project number 040093.100.03.,
L17PC00024,040093.100.04,1,0,0,0,Fail,Far Clause mapping not found for project number 040093.100.04.,
L17PC00024,040093.100.05,1,0,0,0,Fail,Far Clause mapping not found for project number 040093.100.05.,
L17PC00024,040093.110.01,1,0,0,0,Fail,Far Clause mapping not found for project number 040093.110.01.,
L17PC00024,040093.110.02,1,0,0,0,Fail,Far Clause mapping not found for project number 040093.110.02.,
L17PC00024,040093.300.01,1,0,0,0,Fail,Far Clause mapping not found for project number 040093.300.01.,
L17PC00024,040093.300.02,1,0,0,0,Fail,Far Clause mapping not found for project number 040093.300.02.,
L17PC00024,040093.300.03,1,0,0,0,Fail,Far Clause mapping not found for project number 040093.300.03.,
L17PC00024,040093.300.04,1,0,0,0,Fail,Far Clause mapping not found for project number 040093.300.04.,
L17PC00024,040093.400.01,1,0,0,0,Fail,Far Clause mapping not found for project number 040093.400.01.,
TBD,040093.500.07,1,0,0,0,Fail,Far Clause mapping not found for project number 040093.500.07.,
L17PC00024,040093.500.10,1,0,0,0,Fail,Far Clause mapping not found for project number 040093.500.10.,
L17PC00024,040093.500.11,1,0,0,0,Fail,Far Clause mapping not found for project number 040093.500.11.,
L17PC00024,040093.500.12,1,0,0,0,Fail,Far Clause mapping not found for project number 040093.500.12.,
L17PC00024,040093.500.14,1,0,0,0,Fail,Far Clause mapping not found for project number 040093.500.14.,
L17PC0024,040093.500.15,1,0,0,0,Fail,Far Clause mapping not found for project number 040093.500.15.,
L17PC00024,040093.500.16,1,0,0,0,Fail,Far Clause mapping not found for project number 040093.500.16.,
L17PC00024,040093.600.05,1,0,0,0,Fail,Far Clause mapping not found for project number 040093.600.05.,
L17PC00024,040093.600.06,1,0,0,0,Fail,Far Clause mapping not found for project number 040093.600.06.,
L17PC00024,040093.600.07,1,0,0,0,Fail,Far Clause mapping not found for project number 040093.600.07.,
L17PC00024,040093.800.01,1,0,0,0,Fail,Far Clause mapping not found for project number 040093.800.01.,
L17PC00024,040093.800.02,1,0,0,0,Fail,Far Clause mapping not found for project number 040093.800.02.,
L17PC00024,040093.900.02,1,0,0,0,Fail,Far Clause mapping not found for project number 040093.900.02.,
FA486117DA103,40100.002,1,0,0,0,Fail,Far Clause mapping not found for project number 40100.002.,
120105,40104,0,0,0,0, , ,
R17PC00071,40107,1,0,0,0,Fail,Far Clause mapping not found for project number 40107.,
L17PC00072,040111.100.05,1,0,0,0,Fail,Far Clause mapping not found for project number 040111.100.05.,
L17PC00072,040111.120.01,1,0,0,0,Fail,Far Clause mapping not found for project number 040111.120.01.,
L17PC00072,040111.120.02,1,0,0,0,Fail,Far Clause mapping not found for project number 040111.120.02.,
L17PC00072,040111.130.03,1,0,0,0,Fail,Far Clause mapping not found for project number 040111.130.03.,
L17PC00072,040111.130.04,1,0,0,0,Fail,Far Clause mapping not found for project number 040111.130.04.,
L17PC00072,040111.130.05,0,0,0,0, , ,
L17PC00072,040111.300.02,1,0,0,0,Fail,Far Clause mapping not found for project number 040111.300.02.,
L17PC00072,040111.300.03,1,0,0,0,Fail,Far Clause mapping not found for project number 040111.300.03.,
L17PC00072,040111.300.06,0,0,0,0, , ,
L17PC00072,040111.300.07,1,0,0,0,Fail,Far Clause mapping not found for project number 040111.300.07.,
L17PC00072,040111.300.08,1,0,0,0,Fail,Far Clause mapping not found for project number 040111.300.08.,
L17PC00072,040111.400.01,1,0,0,0,Fail,Far Clause mapping not found for project number 040111.400.01.,
L17PC00072,040111.400.03,1,0,0,0,Fail,Far Clause mapping not found for project number 040111.400.03.,
L17PC00072,040111.400.05,0,0,0,0, , ,
L17PC00072,040111.400.06,1,0,0,0,Fail,Far Clause mapping not found for project number 040111.400.06.,
L17PC00072,040111.400.07,1,0,0,0,Fail,Far Clause mapping not found for project number 040111.400.07.,
l17pc00072,040111.400.08,1,0,0,0,Fail,Far Clause mapping not found for project number 040111.400.08.,
L17PC00072,040111.400.09,1,0,0,0,Fail,Far Clause mapping not found for project number 040111.400.09.,
L17PC00072,040111.500.04,0,0,0,0, , ,
L17PC00072,040111.500.06,1,0,0,0,Fail,Far Clause mapping not found for project number 040111.500.06.,
L17PC00072,040111.500.07,1,0,0,0,Fail,Far Clause mapping not found for project number 040111.500.07.,
L17PC00072,040111.500.08,1,0,0,0,Fail,Far Clause mapping not found for project number 040111.500.08.,
L17PC00072,040111.500.09,0,0,0,0, , ,
L17PC00072,040111.500.10,1,0,0,0,Fail,Far Clause mapping not found for project number 040111.500.10.,
L17PC00072,040111.600.08,1,0,0,0,Fail,Far Clause mapping not found for project number 040111.600.08.,
L17PC00072,040111.600.10,1,0,0,0,Fail,Far Clause mapping not found for project number 040111.600.10.,
L17PC0072,040111.600.11,0,0,0,0, , ,
L17PC00072,040111.600.12,1,0,0,0,Fail,Far Clause mapping not found for project number 040111.600.12.,
L17PC00072,040111.600.13,1,0,0,0,Fail,Far Clause mapping not found for project number 040111.600.13.,
L17PC00072,040111.600.14,0,0,0,0, , ,
L17PC00072,040111.600.15,1,0,0,0,Fail,Far Clause mapping not found for project number 040111.600.15.,
DE-AC07-05ID14517,40112,0,0,0,0, , ,
W9128F-17-C-0038,40117,1,0,0,0,Fail,Far Clause mapping not found for project number 40117.,
123287,40121,0,0,0,0, , ,
7018844,40127,0,0,0,0, , ,
4000169113,40129.002,0,0,0,0, , ,
12035518C0001,40130,1,0,0,0,Fail,Far Clause mapping not found for project number 40130.,
25774-CC-FC3-UA11-00002,40134,0,0,0,0, , ,
140R3018C0016,40137,1,0,0,0,Fail,Far Clause mapping not found for project number 40137.,
15F067-18-C-0005990,40138,1,0,0,0,Fail,Far Clause mapping not found for project number 40138.,
DE-AC07-05ID14517,40139,0,0,0,0, , ,
140P5318C0035,40143,1,0,0,1,Fail,Far Clause mapping not found for project number 40143.Far Clause mapping not found for project number 40143.,
,40146,0,0,0,0, , ,
25774-CC-FC1-JQ00-00003,40148,1,0,1,0,Success,Far Clause added for project number 40148 has been added successfully,
89303319CEM000041,40150,1,0,1,1,Fail,Far Clause added for project number 40150 has been added successfullyFar Clause mapping not found for project number 40150.,
75D30119C05135,40158,1,0,0,1,Fail,Far Clause mapping not found for project number 40158.Far Clause mapping not found for project number 40158.,
W912DY-19-C-0022,40159,1,0,0,1,Fail,Far Clause mapping not found for project number 40159.Far Clause mapping not found for project number 40159.,
DE-EM0002038 ,50005.007,0,1,0,0,Success,Far Clause added for project number 50005.007 has been added successfully,
 DE-EM0002038 ,50005.015,1,0,0,0,Fail,Far Clause mapping not found for project number 50005.015.,
W912P9-14-D-0525,50010,1,0,0,0,Fail,Far Clause mapping not found for project number 50010.,
W912P9-14-D-0525,50010.002,1,0,0,0,Fail,Far Clause mapping not found for project number 50010.002.,
W91238-14-C-0036,50011,1,0,0,0,Fail,Far Clause mapping not found for project number 50011.,
N00189-14-D-Z043 DO 0007,50013.007,1,0,0,0,Fail,Far Clause mapping not found for project number 50013.007.,
N00189-18-F-Z142,50013.021,0,0,0,0, , ,
N00189-1 4-D-Z043,50013.023,1,0,0,0,Fail,Far Clause mapping not found for project number 50013.023.,
N00189-14-D-Z043/N0018919FZ103,50013.025,1,0,0,0,Fail,Far Clause mapping not found for project number 50013.025.,
DE-EM0003760,50021,1,0,0,0,Fail,Far Clause mapping not found for project number 50021.,
,50022,0,0,0,0, , ,
DE-0003836/1087-15-502677,50023.002,1,0,0,0,Fail,Far Clause mapping not found for project number 50023.002.,
DE-EM0003836/1087-15-502677,50023.004,1,0,0,0,Fail,Far Clause mapping not found for project number 50023.004.,
DE-EM0003836/89303318FEM400055,50023.007,1,0,0,0,Fail,Far Clause mapping not found for project number 50023.007.,
DE-EM0003836/89303318FEM400053,50023.008,1,0,0,0,Fail,Far Clause mapping not found for project number 50023.008.,
 DE-EM0003836/89303319FEM400070,50023.009,1,0,0,0,Fail,Contract with project number 50023.009 not found,
 DE-EM0003836/89303319FEM400074,50023.01,0,0,0,0, , ,
N66001-15-C-0114,50026,1,0,0,1,Fail,Far Clause mapping not found for project number 50026.Far Clause mapping not found for project number 50026.,
W912Dy-14-D-0005 0005 ,50028.001,0,0,0,0, , ,
W912DY19F0215,50028.007,1,0,0,0,Fail,Contract with project number 50028.007 not found,
HSBP1017C00001,50041,1,0,0,0,Fail,Far Clause mapping not found for project number 50041.,
N00174-17-C-0004,50043,1,0,0,1,Fail,Far Clause mapping not found for project number 50043.Far Clause mapping not found for project number 50043.,
DJF-17-1200K-0006320,50045,1,0,0,0,Fail,Far Clause mapping not found for project number 50045.,
W911S8-18-D-0018,50051,0,0,0,1,Fail,Far Clause mapping not found for project number 50051.,
W911S8-18-D-0018,50051.001,0,0,0,0, , ,
A16PC00127,60014,1,0,0,0,Fail,Far Clause mapping not found for project number 60014.,
W911KB-17-C-0013,60015,0,0,0,0, , ,
HHSF223201710022C,60017,1,0,0,0,Fail,Far Clause mapping not found for project number 60017.,
W9123817C0016,60019,1,0,0,1,Fail,Far Clause mapping not found for project number 60019.Far Clause mapping not found for project number 60019.,
W911KB17C0044,60020,1,0,0,0,Fail,Far Clause mapping not found for project number 60020.,
W56ZTN-17-D-0008,60021,0,0,0,1,Fail,Far Clause mapping not found for project number 60021.,
W56ZTN-17-D-0008,60021.002,1,0,0,0,Fail,Far Clause mapping not found for project number 60021.002.,
N6247318C0201,60024,0,0,0,1,Fail,Far Clause mapping not found for project number 60024.,
W912DW18C0010,60025,1,0,0,0,Fail,Far Clause mapping not found for project number 60025.,
70Z08718CPJT93800,60028,0,0,0,0, , ,
70Z08718CPJT25800,60032,0,0,0,0, , ,
,60033,0,0,0,0, , ,
W912P718C0016,60035,1,0,0,0,Fail,Far Clause mapping not found for project number 60035.,
140R4018C0019,60036,1,0,0,0,Fail,Far Clause mapping not found for project number 60036.,
W911KB18C0044,60037,0,0,0,1,Fail,Far Clause mapping not found for project number 60037.,
W912PP18C0038,60038.001,1,0,0,1,Fail,Far Clause mapping not found for project number 60038.001.Far Clause mapping not found for project number 60038.001.,
W911KB-17-D-0018,60039,0,0,0,0, , ,
SU04-002-S01,60039.001,0,0,0,0, , ,
HHSF223201910094P,60040,1,0,0,0,Fail,Far Clause mapping not found for project number 60040.,
W9124C119C0010,60041,0,0,0,0, , ,
 DE-AC06-05RL14655 ,70008.001,1,0,0,0,Fail,Far Clause mapping not found for project number 70008.001.,
194927,70019.005,0,0,1,0,Success,Far Clause added for project number 70019.005 has been added successfully,
67326,70030,1,0,0,0,Fail,Far Clause mapping not found for project number 70030.,
75N98019D00030,70038,1,0,0,0,Fail,Far Clause mapping not found for project number 70038.,
75N98019D00030,70038.001,1,0,0,0,Fail,Far Clause mapping not found for project number 70038.001.,
N0018919PZ107,70039,1,0,0,0,Fail,Far Clause mapping not found for project number 70039.,
N6600119C0021,70043,0,0,0,1,Fail,Far Clause mapping not found for project number 70043.,
G024-POR,80004.405,0,0,0,0, , ,
W912P4-15-D-00006,80006,1,0,0,1,Fail,Far Clause mapping not found for project number 80006.Far Clause mapping not found for project number 80006.,
W912P4-15-D-00006,80006.002,1,0,0,0,Fail,Far Clause mapping not found for project number 80006.002.,
W912P4-15-D-00006 ,80006.003,1,0,0,1,Fail,Far Clause mapping not found for project number 80006.003.Far Clause mapping not found for project number 80006.003.,
W912P4-15-D-00006 ,80006.004,1,0,0,1,Fail,Far Clause mapping not found for project number 80006.004.Far Clause mapping not found for project number 80006.004.,
89303218FEM400002,80008.004,1,1,0,1,Fail,Far Clause added for project number 80008.004 has been added successfullyFar Clause mapping not found for project number 80008.004.,
DE-EM0004007,80008.005,1,0,0,0,Fail,Far Clause mapping not found for project number 80008.005.,
I2DH-9-00021,80013,1,0,0,1,Fail,Far Clause mapping not found for project number 80013.Far Clause mapping not found for project number 80013.,
I2DH-9-00021,80013.047,0,0,0,1,Fail,Far Clause mapping not found for project number 80013.047.,
I2DH-9-00021,80013.048,0,0,0,1,Fail,Far Clause mapping not found for project number 80013.048.,
I2DH-9-00021,80013.049,0,0,0,1,Fail,Far Clause mapping not found for project number 80013.049.,
DE-EM0000842/DE-DT0011049,80015,1,1,0,1,Fail,Far Clause added for project number 80015 has been added successfullyFar Clause mapping not found for project number 80015.,
GS00F262CA,80058,0,0,0,0, , ,
FA8903-16-D-0045,80182.002,0,1,0,1,Fail,Far Clause added for project number 80182.002 has been added successfullyFar Clause mapping not found for project number 80182.002.,
W911KB19F0083,80195.001,0,0,0,0,Fail,Contract with project number 80195.001 not found,
 W911KB19F0083,80196,0,0,0,0, , ,
072382-17-B-0024,90002,0,0,0,0, , ,
072382-17-B-0024-001.00,90002.001,0,0,0,0, , ,
072382-17-B-0024-002.00,90002.002,0,0,0,0, , ,
n/a,90002.003,0,0,0,1,Fail,Far Clause mapping not found for project number 90002.003.,
W911KB-17-D-0009,90003,1,0,0,1,Fail,Far Clause mapping not found for project number 90003.Far Clause mapping not found for project number 90003.,
W911KB17D0009W911KB18F0063,90003.001,1,0,0,0,Fail,Far Clause mapping not found for project number 90003.001.,
W911KB-17-D-0009-W911KB18F0149,90003.002,1,0,1,1,Fail,Far Clause added for project number 90003.002 has been added successfullyFar Clause mapping not found for project number 90003.002.,
W911KB-17-D-0009-W911KB18F0150,90003.003,1,0,1,1,Fail,Far Clause added for project number 90003.003 has been added successfullyFar Clause mapping not found for project number 90003.003.,
16-13,90004,0,0,0,0, , ,
17-0153,90004.003,0,0,0,0, , ,
18-0023,90004.004,0,0,0,0, , ,
17-0135,90004.005,0,0,0,0, , ,
17-0060,90004.006,0,0,0,0, , ,
16-0142,90004.011,0,0,0,0, , ,
17-0111,90004.017,0,0,0,0, , ,
17-0131,90004.021,0,0,0,0, , ,
16-0069,90004.022,0,0,0,0, , ,
17-0004,90004.024,0,0,0,0, , ,
18-0003,90004.025,0,0,0,0, , ,
18-0052,90004.026,0,0,0,0, , ,
08-0058,90004.027,0,0,0,0, , ,
18-0046,90004.031,0,0,0,0, , ,
17-0118,90004.032,0,0,0,0, , ,
18-0067,90004.033,0,0,0,0, , ,
17-0155,90004.039,0,0,0,0, , ,
18-0047,90004.053,0,0,0,0, , ,
18-0049,90004.054,0,0,0,0, , ,
18-0005,90004.056,0,0,0,0, , ,
17-0154,90004.062,0,0,0,0, , ,
18-0065,90004.066,0,0,0,0, , ,
18-0073,90004.067,0,0,0,0, , ,
18-0102 ,90004.068,0,0,0,0, , ,
18-0030,90004.069,0,0,0,0, , ,
PO525028,90004.071,0,0,0,0, , ,
18-0117,90004.076,0,0,0,0, , ,
18-0120,90004.079,0,0,0,0, , ,
14-0094,90004.08,0,0,0,0, , ,
18-0130,90004.081,0,0,0,0, , ,
18-0083,90004.082,0,0,0,0, , ,
17-0010,90004.083,0,0,0,0, , ,
18-0094,90004.088,0,0,0,0, , ,
19-0002,90004.091,0,0,0,0, , ,
18-0104,90004.092,0,0,0,0, , ,
19-0004,90004.093,0,0,0,0, , ,
19-0023,90004.094,0,0,0,0, , ,
19-0019,90004.095,0,0,0,0, , ,
19-0032,90004.096,0,0,0,0, , ,
18-0138,90004.097,0,0,0,0, , ,
18-0125,90004.098,0,0,0,0, , ,
18-0040-04,90004.099,0,0,0,0, , ,
18-0142,90004.1,0,0,0,0, , ,
19-0039,90004.101,0,0,0,0, , ,
19..0036,90004.102,0,0,0,0, , ,
18-0024-3,90004.103,0,0,0,0, , ,
18-0141,90004.104,0,0,0,0, , ,
18-0145,90004.105,0,0,0,0, , ,
18-0143,90004.106,0,0,0,0, , ,
19-0048,90004.107,0,0,0,0, , ,
19-0080,90004.11,0,0,0,0, , ,
18-0040-6,90004.115,0,0,0,0, , ,
18-0041,90004.116,0,0,0,0, , ,
19-0047,90004.117,0,0,0,0, , ,
19-0090,90004.119,0,0,0,0, , ,
19-0109,90004.12,0,0,0,0, , ,
19-0106,90004.121,0,0,0,0, , ,
19-0125,90004.125,0,0,0,0, , ,
,90007,0,0,0,0, , ,
FA4621-17-D-0004,90012,1,0,0,1,Fail,Far Clause mapping not found for project number 90012.Far Clause mapping not found for project number 90012.,
70Z08718DPJT24500,90015,1,0,0,1,Fail,Far Clause mapping not found for project number 90015.Far Clause mapping not found for project number 90015.,
70Z08719FPJT56900,90015.001,1,0,0,1,Fail,Far Clause mapping not found for project number 90015.001.Far Clause mapping not found for project number 90015.001.,
W912D0-12-D-0007,90022,1,0,0,0,Fail,Far Clause mapping not found for project number 90022.,
,90022.212,1,0,0,0,Fail,Far Clause mapping not found for project number 90022.212.,
W912D0-12-D-0007-0107,90022.217,1,0,0,0,Fail,Far Clause mapping not found for project number 90022.217.,
W912D0-12-D-0007-0095,90022.616,1,0,0,0,Fail,Far Clause mapping not found for project number 90022.616.,
ID08120089,90023,0,0,0,0, , ,
FA5000-15-D-0007-FA500017F0150,090024.002.09,0,0,0,1,Fail,Far Clause mapping not found for project number 090024.002.09.,
FA5000-15-D-0007-FA500017F0136,090024.002.13,0,0,0,1,Fail,Far Clause mapping not found for project number 090024.002.13.,
FA5000-15-D-0007-FA500018F0004,090024.002.32,0,0,0,1,Fail,Far Clause mapping not found for project number 090024.002.32.,
FA5000-15-D-0007-FA17F0166,090024.002.41,0,0,0,1,Fail,Far Clause mapping not found for project number 090024.002.41.,
FA5000-15-D-0007-FA50018F0012,090024.002.71,0,0,0,1,Fail,Far Clause mapping not found for project number 090024.002.71.,
FA5000-15-D-0007-FA500018F0018,090024.003.03,0,0,0,1,Fail,Far Clause mapping not found for project number 090024.003.03.,
FA5000-15-D-0007-FA500018F0040,090024.003.05,0,0,0,1,Fail,Far Clause mapping not found for project number 090024.003.05.,
FA5000-15-D-0007-FA500017F0161,090024.003.06,0,0,0,1,Fail,Far Clause mapping not found for project number 090024.003.06.,
FA5000-15-D-0007-FA500018F0084,090024.003.07,0,0,0,1,Fail,Far Clause mapping not found for project number 090024.003.07.,
FA5000-15-D-0007-FA500018F0090,090024.003.08,0,0,0,1,Fail,Far Clause mapping not found for project number 090024.003.08.,
FA5000-15-D-0007-FA500018F0021,090024.003.09,0,0,0,1,Fail,Far Clause mapping not found for project number 090024.003.09.,
FA5000-15-D-0007-FA500018F0031,090024.003.10,0,0,0,1,Fail,Far Clause mapping not found for project number 090024.003.10.,
FA5000-15-D-0007-FA500018F0045,090024.003.11,0,0,0,1,Fail,Far Clause mapping not found for project number 090024.003.11.,
FA5000-15-D-0007-FA500018F0034,090024.003.12,0,0,0,1,Fail,Far Clause mapping not found for project number 090024.003.12.,
FA5000-15-D-0007-FA500018F0048,090024.003.13,0,0,0,1,Fail,Far Clause mapping not found for project number 090024.003.13.,
FA5000-15-D-0007-FA500018F0049,090024.003.14,0,0,0,1,Fail,Far Clause mapping not found for project number 090024.003.14.,
FA5000-15-D-0007-FA500018F0050,090024.003.15,0,0,0,1,Fail,Far Clause mapping not found for project number 090024.003.15.,
FA5000-15-D-0007-FA500018F0053,090024.003.16,0,0,0,1,Fail,Far Clause mapping not found for project number 090024.003.16.,
,090024.003.17,0,0,0,1,Fail,Far Clause mapping not found for project number 090024.003.17.,
SC-211-001,90026.001,0,0,0,0, , ,
F15PC00081,90029,0,0,0,1,Fail,Far Clause mapping not found for project number 90029.,
F15PC00081-140F0718F0059,90029.003,0,0,0,0, , ,
F15PC00081-140F0719F0005,90029.004,0,0,0,0, , ,
N44255-17-D-4008,90031,1,0,0,1,Fail,Far Clause mapping not found for project number 90031.Far Clause mapping not found for project number 90031.,
N44255-17-D-4008,90031.002,1,0,0,1,Fail,Far Clause mapping not found for project number 90031.002.Far Clause mapping not found for project number 90031.002.,
N44255-17-D-4008/N4425518F4070,90031.003,1,0,1,1,Fail,Far Clause added for project number 90031.003 has been added successfullyFar Clause mapping not found for project number 90031.003.,
N4425-17-D-4008/N4425518F,90031.004,1,0,0,1,Fail,Far Clause mapping not found for project number 90031.004.Far Clause mapping not found for project number 90031.004.,
 N44255-17-D-4008 ,90031.005,1,0,0,1,Fail,Far Clause mapping not found for project number 90031.005.Far Clause mapping not found for project number 90031.005.,
N4425518F4387,90031.006,1,0,1,1,Fail,Far Clause added for project number 90031.006 has been added successfullyFar Clause mapping not found for project number 90031.006.,
N4425519F4031,90031.007,1,0,0,1,Fail,Far Clause mapping not found for project number 90031.007.Far Clause mapping not found for project number 90031.007.,
N442217D4008,90031.008,1,0,0,1,Fail,Far Clause mapping not found for project number 90031.008.Far Clause mapping not found for project number 90031.008.,
N44255-15-R-0024/X024,90031.009,1,0,0,0,Fail,Far Clause mapping not found for project number 90031.009.,
FA4600-17FAC33,090032.017.01,0,0,0,0, , ,
FA4600-17FAC18,090032.017.02,0,0,0,0, , ,
FA460017FAC36,090032.017.10,0,0,0,0, , ,
FA460017FAC23,090032.017.13,0,0,0,0, , ,
FA460017FAC34,090032.017.14,0,0,0,0, , ,
FA460017FAC35,090032.017.16,0,0,0,0, , ,
FA460017FAC24,090032.017.17,0,0,0,0, , ,
FA460017FAC25,090032.017.18,0,0,0,0, , ,
FA460017FAC26,090032.017.19,0,0,0,0, , ,
FA460017FAC27,090032.017.20,0,0,0,0, , ,
FA460018FAC12,090032.018.02,0,0,0,0, , ,
FA460018FAC23,090032.018.04,0,0,0,0, , ,
FA4600-18-F-AC31,090032.018.05,0,0,0,0, , ,
FA460019FAC02,090032.018.06,0,0,0,0, , ,
FA4861-17-D-A200,90036,1,0,0,1,Fail,Far Clause mapping not found for project number 90036.Far Clause mapping not found for project number 90036.,
FA4861-17-F-A070,090036.017.22,1,0,0,1,Fail,Far Clause mapping not found for project number 090036.017.22.Far Clause mapping not found for project number 090036.017.22.,
FA4861-17-F-A102 ,090036.017.23,1,0,0,1,Fail,Far Clause mapping not found for project number 090036.017.23.Far Clause mapping not found for project number 090036.017.23.,
FA4861-17-F-A042,090036.017.24,1,0,0,1,Fail,Far Clause mapping not found for project number 090036.017.24.Far Clause mapping not found for project number 090036.017.24.,
FA4861-17-F-A041,090036.017.27,1,0,0,1,Fail,Far Clause mapping not found for project number 090036.017.27.Far Clause mapping not found for project number 090036.017.27.,
FA4861-17-F-A096  ,090036.017.29,1,0,0,1,Fail,Far Clause mapping not found for project number 090036.017.29.Far Clause mapping not found for project number 090036.017.29.,
FA4861-17-F-A031/34 ,090036.017.30,1,0,0,1,Fail,Far Clause mapping not found for project number 090036.017.30.Far Clause mapping not found for project number 090036.017.30.,
FA4861-17-F-A098   ,090036.017.33,1,0,0,1,Fail,Far Clause mapping not found for project number 090036.017.33.Far Clause mapping not found for project number 090036.017.33.,
FA4861-17-F-A101 ,090036.017.34,1,0,0,1,Fail,Far Clause mapping not found for project number 090036.017.34.Far Clause mapping not found for project number 090036.017.34.,
FA4861-17-F-A095   ,090036.017.35,1,0,0,1,Fail,Far Clause mapping not found for project number 090036.017.35.Far Clause mapping not found for project number 090036.017.35.,
FA4861-17-F-A132   ,090036.017.36,1,0,0,1,Fail,Far Clause mapping not found for project number 090036.017.36.Far Clause mapping not found for project number 090036.017.36.,
FA4861-17-F-A129   ,090036.017.37,1,0,0,1,Fail,Far Clause mapping not found for project number 090036.017.37.Far Clause mapping not found for project number 090036.017.37.,
FA4861-17-D-A117,090036.017.38,1,0,0,1,Fail,Far Clause mapping not found for project number 090036.017.38.Far Clause mapping not found for project number 090036.017.38.,
FA4861-17-D-A003,090036.017.39,1,0,0,1,Fail,Far Clause mapping not found for project number 090036.017.39.Far Clause mapping not found for project number 090036.017.39.,
FA4861-17-D-A107,090036.017.40,1,0,0,1,Fail,Far Clause mapping not found for project number 090036.017.40.Far Clause mapping not found for project number 090036.017.40.,
FA4861-17-F-A134,090036.017.43,1,0,0,1,Fail,Far Clause mapping not found for project number 090036.017.43.Far Clause mapping not found for project number 090036.017.43.,
FA4861-17-F-A137,090036.017.44,1,0,0,1,Fail,Far Clause mapping not found for project number 090036.017.44.Far Clause mapping not found for project number 090036.017.44.,
FA4861-17-D-A135,090036.017.45,1,0,0,1,Fail,Far Clause mapping not found for project number 090036.017.45.Far Clause mapping not found for project number 090036.017.45.,
FA4861-17-F-A116,090036.017.46,1,0,0,1,Fail,Far Clause mapping not found for project number 090036.017.46.Far Clause mapping not found for project number 090036.017.46.,
FA4861-17-F-A118,090036.017.47,1,0,0,1,Fail,Far Clause mapping not found for project number 090036.017.47.Far Clause mapping not found for project number 090036.017.47.,
FA4861-17-F-A120 ,090036.017.48,1,0,0,1,Fail,Far Clause mapping not found for project number 090036.017.48.Far Clause mapping not found for project number 090036.017.48.,
FA4861-18-F-A014,090036.018.01,1,0,0,1,Fail,Far Clause mapping not found for project number 090036.018.01.Far Clause mapping not found for project number 090036.018.01.,
FA4861-17-F-A013,090036.018.02,1,0,0,1,Fail,Far Clause mapping not found for project number 090036.018.02.Far Clause mapping not found for project number 090036.018.02.,
FA4861-18-F-A032,090036.018.08,1,0,0,1,Fail,Far Clause mapping not found for project number 090036.018.08.Far Clause mapping not found for project number 090036.018.08.,
FA4861-18-F-A034,090036.018.09,1,0,0,1,Fail,Far Clause mapping not found for project number 090036.018.09.Far Clause mapping not found for project number 090036.018.09.,
FA4861-18-F-A036 ,090036.018.10,1,0,0,1,Fail,Far Clause mapping not found for project number 090036.018.10.Far Clause mapping not found for project number 090036.018.10.,
FA4861-18-F-A038 ,090036.018.11,1,0,0,1,Fail,Far Clause mapping not found for project number 090036.018.11.Far Clause mapping not found for project number 090036.018.11.,
FA4861-18-F-A052 ,090036.018.14,1,0,0,1,Fail,Far Clause mapping not found for project number 090036.018.14.Far Clause mapping not found for project number 090036.018.14.,
FA4861-18-F-A053,090036.018.15,1,0,0,1,Fail,Far Clause mapping not found for project number 090036.018.15.Far Clause mapping not found for project number 090036.018.15.,
FA4861-18-F-A049       ,090036.018.16,1,0,0,1,Fail,Far Clause mapping not found for project number 090036.018.16.Far Clause mapping not found for project number 090036.018.16.,
FA4861-18-F-A058,090036.018.17,1,0,0,1,Fail,Far Clause mapping not found for project number 090036.018.17.Far Clause mapping not found for project number 090036.018.17.,
FA4861-18-F-A060,090036.018.18,1,0,0,1,Fail,Far Clause mapping not found for project number 090036.018.18.Far Clause mapping not found for project number 090036.018.18.,
FA4861-18-F-A048       ,090036.018.19,1,0,0,1,Fail,Far Clause mapping not found for project number 090036.018.19.Far Clause mapping not found for project number 090036.018.19.,
FA4861-18-F-A082,090036.018.20,1,0,0,1,Fail,Far Clause mapping not found for project number 090036.018.20.Far Clause mapping not found for project number 090036.018.20.,
FA4861-18-F-A083,090036.018.21,1,0,0,1,Fail,Far Clause mapping not found for project number 090036.018.21.Far Clause mapping not found for project number 090036.018.21.,
FA4861-18-F-A088 ,090036.018.22,1,0,0,1,Fail,Far Clause mapping not found for project number 090036.018.22.Far Clause mapping not found for project number 090036.018.22.,
FA4861-18-F-A090,090036.018.23,1,0,0,1,Fail,Far Clause mapping not found for project number 090036.018.23.Far Clause mapping not found for project number 090036.018.23.,
FA4861-18-F-A093 ,090036.018.24,1,0,0,1,Fail,Far Clause mapping not found for project number 090036.018.24.Far Clause mapping not found for project number 090036.018.24.,
FA4861-18-F-A091,090036.018.25,1,0,0,1,Fail,Far Clause mapping not found for project number 090036.018.25.Far Clause mapping not found for project number 090036.018.25.,
FA4861-18-F-A097 ,090036.018.26,1,0,0,1,Fail,Far Clause mapping not found for project number 090036.018.26.Far Clause mapping not found for project number 090036.018.26.,
FA4861-18-F-A094 ,090036.018.27,1,0,0,1,Fail,Far Clause mapping not found for project number 090036.018.27.Far Clause mapping not found for project number 090036.018.27.,
FA4861-18-F-A096,090036.018.28,1,0,0,1,Fail,Far Clause mapping not found for project number 090036.018.28.Far Clause mapping not found for project number 090036.018.28.,
FA4861-18-F-A098,090036.018.29,1,0,0,1,Fail,Far Clause mapping not found for project number 090036.018.29.Far Clause mapping not found for project number 090036.018.29.,
FA4861-18-F-A089 ,090036.018.30,1,0,0,1,Fail,Far Clause mapping not found for project number 090036.018.30.Far Clause mapping not found for project number 090036.018.30.,
FA4861-18-F-A099 ,090036.018.31,1,0,0,1,Fail,Far Clause mapping not found for project number 090036.018.31.Far Clause mapping not found for project number 090036.018.31.,
FA4861-18-F-A100 ,090036.018.32,1,0,0,1,Fail,Far Clause mapping not found for project number 090036.018.32.Far Clause mapping not found for project number 090036.018.32.,
FA4861-18-F-A101      ,090036.018.33,1,0,0,1,Fail,Far Clause mapping not found for project number 090036.018.33.Far Clause mapping not found for project number 090036.018.33.,
FA4861-18-F-A054,090036.018.34,1,0,0,1,Fail,Far Clause mapping not found for project number 090036.018.34.Far Clause mapping not found for project number 090036.018.34.,
FA4861-18-F-A051,090036.018.35,1,0,0,1,Fail,Far Clause mapping not found for project number 090036.018.35.Far Clause mapping not found for project number 090036.018.35.,
FA4861-18-F-A106,090036.018.36,1,0,0,1,Fail,Far Clause mapping not found for project number 090036.018.36.Far Clause mapping not found for project number 090036.018.36.,
FA4861-18-F-A104 ,090036.018.37,1,0,0,1,Fail,Far Clause mapping not found for project number 090036.018.37.Far Clause mapping not found for project number 090036.018.37.,
FA4861-18-F-A111,090036.018.38,1,0,0,1,Fail,Far Clause mapping not found for project number 090036.018.38.Far Clause mapping not found for project number 090036.018.38.,
FA4861-18-F-A109,090036.018.39,1,0,0,1,Fail,Far Clause mapping not found for project number 090036.018.39.Far Clause mapping not found for project number 090036.018.39.,
FA4861-18-F-A113,090036.018.40,1,0,0,1,Fail,Far Clause mapping not found for project number 090036.018.40.Far Clause mapping not found for project number 090036.018.40.,
FA4861-18-F-A115,090036.018.41,1,0,0,1,Fail,Far Clause mapping not found for project number 090036.018.41.Far Clause mapping not found for project number 090036.018.41.,
FA4861-18-F-A116,090036.018.42,1,0,0,1,Fail,Far Clause mapping not found for project number 090036.018.42.Far Clause mapping not found for project number 090036.018.42.,
FA4861-18-F-A121,090036.018.43,1,0,0,1,Fail,Far Clause mapping not found for project number 090036.018.43.Far Clause mapping not found for project number 090036.018.43.,
FA4861-18-F-A125,090036.018.44,1,0,0,1,Fail,Far Clause mapping not found for project number 090036.018.44.Far Clause mapping not found for project number 090036.018.44.,
FA4861-18-F-A120,090036.018.45,1,0,0,1,Fail,Far Clause mapping not found for project number 090036.018.45.Far Clause mapping not found for project number 090036.018.45.,
FA4861-18-F-A127,090036.018.46,1,0,0,1,Fail,Far Clause mapping not found for project number 090036.018.46.Far Clause mapping not found for project number 090036.018.46.,
FA4861-18-F-A123,090036.018.47,1,0,0,1,Fail,Far Clause mapping not found for project number 090036.018.47.Far Clause mapping not found for project number 090036.018.47.,
FA4861-18-F-A130,090036.018.48,1,0,0,1,Fail,Far Clause mapping not found for project number 090036.018.48.Far Clause mapping not found for project number 090036.018.48.,
FA4861-18-F-A119,090036.018.49,1,0,0,1,Fail,Far Clause mapping not found for project number 090036.018.49.Far Clause mapping not found for project number 090036.018.49.,
FA4861-18-F-A144 ,090036.018.50,1,0,0,1,Fail,Far Clause mapping not found for project number 090036.018.50.Far Clause mapping not found for project number 090036.018.50.,
FA4861-18-F-A145,090036.018.51,1,0,0,1,Fail,Far Clause mapping not found for project number 090036.018.51.Far Clause mapping not found for project number 090036.018.51.,
FA4861-18-F-A128,090036.018.52,1,0,0,1,Fail,Far Clause mapping not found for project number 090036.018.52.Far Clause mapping not found for project number 090036.018.52.,
FA4861-18-F-A143,090036.018.53,1,0,0,1,Fail,Far Clause mapping not found for project number 090036.018.53.Far Clause mapping not found for project number 090036.018.53.,
FA4861-18-F-A156,090036.018.54,1,0,0,1,Fail,Far Clause mapping not found for project number 090036.018.54.Far Clause mapping not found for project number 090036.018.54.,
FA4861-18-F-A157      ,090036.018.55,1,0,0,1,Fail,Far Clause mapping not found for project number 090036.018.55.Far Clause mapping not found for project number 090036.018.55.,
FA4861-18-F-A159  ,090036.018.56,1,0,0,1,Fail,Far Clause mapping not found for project number 090036.018.56.Far Clause mapping not found for project number 090036.018.56.,
FA4861-18-F-A160,090036.018.57,1,0,0,1,Fail,Far Clause mapping not found for project number 090036.018.57.Far Clause mapping not found for project number 090036.018.57.,
FA4861-18-F-A163,090036.018.58,1,0,0,1,Fail,Far Clause mapping not found for project number 090036.018.58.Far Clause mapping not found for project number 090036.018.58.,
FA4861-18-F-A167,090036.018.59,1,0,0,1,Fail,Far Clause mapping not found for project number 090036.018.59.Far Clause mapping not found for project number 090036.018.59.,
FA4861-18-F-A172,090036.018.60,1,0,0,1,Fail,Far Clause mapping not found for project number 090036.018.60.Far Clause mapping not found for project number 090036.018.60.,
FA4861-18-F-A165,090036.018.61,1,0,0,1,Fail,Far Clause mapping not found for project number 090036.018.61.Far Clause mapping not found for project number 090036.018.61.,
FA4861-18-F-A174,090036.018.62,1,0,0,1,Fail,Far Clause mapping not found for project number 090036.018.62.Far Clause mapping not found for project number 090036.018.62.,
FA4861-18-F-A161,090036.018.63,1,0,0,1,Fail,Far Clause mapping not found for project number 090036.018.63.Far Clause mapping not found for project number 090036.018.63.,
FA4861-18-F-A177,090036.018.64,1,0,0,1,Fail,Far Clause mapping not found for project number 090036.018.64.Far Clause mapping not found for project number 090036.018.64.,
FA4861-18-F-A164,090036.018.65,1,0,0,1,Fail,Far Clause mapping not found for project number 090036.018.65.Far Clause mapping not found for project number 090036.018.65.,
A4861-18-F-A183,090036.018.66,1,0,0,1,Fail,Far Clause mapping not found for project number 090036.018.66.Far Clause mapping not found for project number 090036.018.66.,
FA4861-18-F-A158,090036.018.67,1,0,0,1,Fail,Far Clause mapping not found for project number 090036.018.67.Far Clause mapping not found for project number 090036.018.67.,
FA4861-18-F-A181,090036.018.68,1,0,0,1,Fail,Far Clause mapping not found for project number 090036.018.68.Far Clause mapping not found for project number 090036.018.68.,
FA4861-19-F-A116,090036.019.01,1,0,0,1,Fail,Far Clause mapping not found for project number 090036.019.01.Far Clause mapping not found for project number 090036.019.01.,
FA4861-19-C-A006,090036.019.02,1,0,0,1,Fail,Far Clause mapping not found for project number 090036.019.02.Far Clause mapping not found for project number 090036.019.02.,
FA4861-19-F-A029,090036.019.03,1,0,0,1,Fail,Far Clause mapping not found for project number 090036.019.03.Far Clause mapping not found for project number 090036.019.03.,
FA4861-19-F-A081,090036.019.04,1,0,0,1,Fail,Far Clause mapping not found for project number 090036.019.04.Far Clause mapping not found for project number 090036.019.04.,
FA4861-19-F-A092,090036.019.05,1,0,0,1,Fail,Far Clause mapping not found for project number 090036.019.05.Far Clause mapping not found for project number 090036.019.05.,
FA4861-19-F-A091,090036.019.06,1,0,0,1,Fail,Far Clause mapping not found for project number 090036.019.06.Far Clause mapping not found for project number 090036.019.06.,
FA4861-19-F-A095 ,090036.019.07,1,0,0,1,Fail,Far Clause mapping not found for project number 090036.019.07.Far Clause mapping not found for project number 090036.019.07.,
FA4861-19-F-A099,090036.019.08,1,0,0,1,Fail,Far Clause mapping not found for project number 090036.019.08.Far Clause mapping not found for project number 090036.019.08.,
FA4861-19-F-A107,090036.019.09,1,0,0,1,Fail,Far Clause mapping not found for project number 090036.019.09.Far Clause mapping not found for project number 090036.019.09.,
FA4861-19-F-A106,090036.019.10,1,0,0,1,Fail,Far Clause mapping not found for project number 090036.019.10.Far Clause mapping not found for project number 090036.019.10.,
FA4861-19-F-A132,090036.019.11,1,0,0,1,Fail,Far Clause mapping not found for project number 090036.019.11.Far Clause mapping not found for project number 090036.019.11.,
FA4861-19-F-A130,090036.019.12,1,0,0,1,Fail,Far Clause mapping not found for project number 090036.019.12.Far Clause mapping not found for project number 090036.019.12.,
FA4861-19-F-A137,090036.019.13,1,0,0,1,Fail,Far Clause mapping not found for project number 090036.019.13.Far Clause mapping not found for project number 090036.019.13.,
 W9124M-18-D-0002,90069,0,0,0,0, , ,
W9124M18F0235,90069.002,1,1,0,1,Fail,Far Clause added for project number 90069.002 has been added successfullyFar Clause mapping not found for project number 90069.002.,
W9124M18F0121,90069.003,1,1,0,1,Fail,Far Clause added for project number 90069.003 has been added successfullyFar Clause mapping not found for project number 90069.003.,
W9124M18F0109,90069.004,1,1,0,1,Fail,Far Clause added for project number 90069.004 has been added successfullyFar Clause mapping not found for project number 90069.004.,
W9124M19F0130,90069.005,1,1,0,1,Fail,Far Clause added for project number 90069.005 has been added successfullyFar Clause mapping not found for project number 90069.005.,
W9124M19F0135,90069.006,1,1,0,1,Fail,Far Clause added for project number 90069.006 has been added successfullyFar Clause mapping not found for project number 90069.006.,
,90076,0,0,0,1,Fail,Far Clause mapping not found for project number 90076.,
P-Card,90078,0,0,0,0, , ,
credit card,90081,0,0,0,0, , ,
CREDIT CARD,90082,0,0,0,0, , ,
HSCG87-15-J-PJT057,0A0001.001,0,0,0,0, , ,
HSCG87-17-J-PJT772,0A0001.005,0,0,0,0, , ,
HSCG87-17-J-PJT921,0A0001.007,0,0,0,0, , ,
70Z08718FPJT84435,0A0001.008,0,0,0,0, , ,
70Z08718FPJT94300,0A0001.012,0,0,0,0, , ,
12SPEC18D0007,0B0001,0,0,0,1,Fail,Far Clause mapping not found for project number 0B0001.,
12SPEC18F0054,0B0001.001,1,0,0,1,Fail,Far Clause mapping not found for project number 0B0001.001.Far Clause mapping not found for project number 0B0001.001.,
509035,0C0001,0,0,0,0, , ,
W912DW19D1024,0F0001,1,0,0,0,Fail,Far Clause mapping not found for project number 0F0001.,
W911KB-19-D-0007,0G0001,0,0,0,1,Fail,Far Clause mapping not found for project number 0G0001.,
W911KB19F0083,0G0001.001,0,0,0,0, , ,
W912DY-14-D-0005,0N0001,1,0,0,0,Fail,Far Clause mapping not found for project number 0N0001.,
W912DY18F0555,0N0001.006,1,0,0,0,Fail,Far Clause mapping not found for project number 0N0001.006.,
W912DY19F0215,0N0001.007,1,0,0,0,Fail,Far Clause mapping not found for project number 0N0001.007.,
295.002,100002,0,0,0,0, , ,
FA5004-17-D-C001,100003,0,0,0,1,Fail,Far Clause mapping not found for project number 100003.,
FA5004-17-D-C001-FA500417FC078,100003.112,1,0,0,0,Fail,Far Clause mapping not found for project number 100003.112.,
FA5004-17-D-C001-FA500417FC080,100003.119,1,0,0,1,Fail,Far Clause mapping not found for project number 100003.119.Far Clause mapping not found for project number 100003.119.,
FA5004-17-D-C001-FA500418FA060,100003.133,1,0,0,0,Fail,Far Clause mapping not found for project number 100003.133.,
FA5004-17-D-C001-FA500418FA029,100003.135,0,0,0,1,Fail,Far Clause mapping not found for project number 100003.135.,
FA5004-17-D-C001-FA500418FA064,100003.136,1,0,0,1,Fail,Far Clause mapping not found for project number 100003.136.Far Clause mapping not found for project number 100003.136.,
FA5004-17-D-C001-FA500418FA039,100003.137,1,0,0,0,Fail,Far Clause mapping not found for project number 100003.137.,
FA5004-17-D-C001-FA500418FA044,100003.14,1,0,0,1,Fail,Far Clause mapping not found for project number 100003.14.Far Clause mapping not found for project number 100003.14.,
FA5004-17-D-C001-FA500418FA089,100003.141,1,0,1,1,Fail,Far Clause added for project number 100003.141 has been added successfullyFar Clause mapping not found for project number 100003.141.,
FA5004-17-D-C-0001-FA500418FA071,100003.143,1,0,0,1,Fail,Far Clause mapping not found for project number 100003.143.Far Clause mapping not found for project number 100003.143.,
FA5004-17-D-C001-FA500418FA070,100003.144,1,0,0,1,Fail,Far Clause mapping not found for project number 100003.144.Far Clause mapping not found for project number 100003.144.,
FA5004-17-D-C001-FA500418FA085,100003.145,1,0,1,1,Fail,Far Clause added for project number 100003.145 has been added successfullyFar Clause mapping not found for project number 100003.145.,
FA5004-17-D-C001FA500418FA096,100003.146,1,0,0,1,Fail,Far Clause mapping not found for project number 100003.146.Far Clause mapping not found for project number 100003.146.,
FA5004-17-D-C001-FA500419FA025,100003.148,0,0,0,1,Fail,Far Clause mapping not found for project number 100003.148.,
FA5004-17-D-C-0001-FA500419FA035,100003.149,0,0,0,1,Fail,Far Clause mapping not found for project number 100003.149.,
FA5004-17-D-C001-FA500419FA037,100003.15,0,0,0,1,Fail,Far Clause mapping not found for project number 100003.15.,
FA5000-17-D-0056-FA500017F0101,100004.101,1,0,0,1,Fail,Far Clause mapping not found for project number 100004.101.Far Clause mapping not found for project number 100004.101.,
FA500017D0056-FA500019FA006,100004.103,0,0,0,0, , ,
FA5000-17-D-0056-FA500019FA014,100004.104,1,0,0,1,Fail,Far Clause mapping not found for project number 100004.104.Far Clause mapping not found for project number 100004.104.,
FA5000-17-D-0056-FA500019FA016,100004.105,1,0,0,1,Fail,Far Clause mapping not found for project number 100004.105.Far Clause mapping not found for project number 100004.105.,
FA5000-17-D-0056-FA500019FA020,100004.106,1,0,0,1,Fail,Far Clause mapping not found for project number 100004.106.Far Clause mapping not found for project number 100004.106.,
FA5000-17-D-0056-FA500019FA058,100004.107,1,0,0,1,Fail,Far Clause mapping not found for project number 100004.107.Far Clause mapping not found for project number 100004.107.,
F17PC00158,100007,0,0,1,1,Fail,Far Clause added for project number 100007 has been added successfullyFar Clause mapping not found for project number 100007.,
HSBP1017P00272,100009,1,0,0,1,Fail,Far Clause mapping not found for project number 100009.Far Clause mapping not found for project number 100009.,
W911KB-14-D-0014-0005,100012,0,0,0,0, , ,
W911KB-17-C-0021,100014,1,0,0,1,Fail,Far Clause mapping not found for project number 100014.Far Clause mapping not found for project number 100014.,
W911KB-11-D-0006,100015,0,0,0,0, , ,
FA486118PA003,100016,0,0,0,0, , ,
W911KB18D0009,100021,1,0,0,1,Fail,Far Clause mapping not found for project number 100021.Far Clause mapping not found for project number 100021.,
140P8219C0003,100026,0,0,0,1,Fail,Far Clause mapping not found for project number 100026.,
80KSC018C0047,100030.002,1,0,0,1,Fail,Contract with project number 100030.002 not found,
,100035,0,0,0,0, , ,
70Z08718DPJT24400,100041,1,0,0,1,Fail,Far Clause mapping not found for project number 100041.Far Clause mapping not found for project number 100041.,
70z08718FPJT37600,100041.001,1,0,0,1,Fail,Far Clause mapping not found for project number 100041.001.Far Clause mapping not found for project number 100041.001.,
FA 500018P0128,100042,0,0,1,1,Fail,Far Clause added for project number 100042 has been added successfullyFar Clause mapping not found for project number 100042.,
W9128F-16-D-0029,100043,1,0,0,1,Fail,Far Clause mapping not found for project number 100043.Far Clause mapping not found for project number 100043.,
W9128F-18F0196,100043.001,1,0,0,1,Fail,Far Clause mapping not found for project number 100043.001.Far Clause mapping not found for project number 100043.001.,
W912F18F0240 ,100043.002,1,0,0,1,Fail,Far Clause mapping not found for project number 100043.002.Far Clause mapping not found for project number 100043.002.,
N4425518D5023,100044,1,0,0,1,Fail,Far Clause mapping not found for project number 100044.Far Clause mapping not found for project number 100044.,
N4425519F4072,100044.001,1,0,0,1,Fail,Far Clause mapping not found for project number 100044.001.Far Clause mapping not found for project number 100044.001.,
,100044.002,1,0,0,0,Fail,Far Clause mapping not found for project number 100044.002.,
70Z08718CPJT30400,100047,0,0,0,0, , ,
140D8118C0004,100048,0,0,0,1,Fail,Far Clause mapping not found for project number 100048.,
FA486118CA023,100050,1,0,0,0,Fail,Far Clause mapping not found for project number 100050.,
W911KB18C0042,100051,0,0,0,1,Fail,Far Clause mapping not found for project number 100051.,
70B01C18C00000193,100052,1,0,0,1,Fail,Far Clause mapping not found for project number 100052.Far Clause mapping not found for project number 100052.,
,100053,0,0,0,0, , ,
75H71219P00039,100055,0,0,0,1,Fail,Far Clause mapping not found for project number 100055.,
FA486119PA050,100056,0,0,0,0, , ,
FA4861-19-P-A116,100058,0,0,0,0, , ,
HSCG87-15-J-PJT057,110003.001,0,0,0,0,Fail,Contract with project number 110003.001 not found,
HSCG87-17-J-PJT772,110003.005,0,0,0,0, , ,
L17PC00072,40111.600.16,0,0,0,0,Fail,Contract with project number 40111.600.16 not found,
