Contract Number,Task Order Number,Project Number,Contract Rep,Project Controls Rep,Project Manager,Accounting Rep,Contract Country,Awarding Agency,Award Agency Contract Representative,Awarding Agency Technical Representative,Funding Agency,Funding Agency Contract Representative,Funding Agency Technical Representative,IsIDIQ,Action,Human Resources Rep,Purchasing Rep,Subcontract Rep
W912DY-14-D-0005,,0N0001,christopher.francis@northwindgrp.com,christopher.francis@northwindgrp.com,christopher.francis@northwindgrp.com,christopher.francis@northwindgrp.com,GBR,New Federal Department,Ashish Denieal,Ashish Denieal,New Federal Department,Ashish Denieal,Ashish Denieal,1,Add,,,
W912P9-14-D-0525,,50010,christopher.francis@northwindgrp.com,christopher.francis@northwindgrp.com,christopher.francis@northwindgrp.com,christopher.francis@northwindgrp.com,GBR,New Federal Department,Ashish Denieal,Ashish Denieal,New Federal Department,Ashish Denieal,Ashish Denieal,1,Add,3458,4467,
N00189-14-D-Z043,,50013,christopher.francis@northwindgrp.com,christopher.francis@northwindgrp.com,christopher.francis@northwindgrp.com,christopher.francis@northwindgrp.com,GBR,New Federal Department,Ashish Denieal,Ashish Denieal,New Federal Department,Ashish Denieal,Ashish Denieal,1,Add,3458,4467,
HSCG50-14-D-PXA701,,20089,christopher.francis@northwindgrp.com,christopher.francis@northwindgrp.com,christopher.francis@northwindgrp.com,christopher.francis@northwindgrp.com,GBR,New Federal Department,Ashish Denieal,Ashish Denieal,New Federal Department,Ashish Denieal,Ashish Denieal,1,Add,,,
,,50022,christopher.francis@northwindgrp.com,christopher.francis@northwindgrp.com,christopher.francis@northwindgrp.com,christopher.francis@northwindgrp.com,GBR,New Federal Department,Ashish Denieal,Ashish Denieal,New Federal Department,Ashish Denieal,Ashish Denieal,1,Add,3458,4467,
DE-EM0003836/1087-15-502677,,50023,christopher.francis@northwindgrp.com,christopher.francis@northwindgrp.com,christopher.francis@northwindgrp.com,christopher.francis@northwindgrp.com,GBR,New Federal Department,Ashish Denieal,Ashish Denieal,New Federal Department,Ashish Denieal,Ashish Denieal,1,Add,3458,4467,
W912DY-15-D-0023,,40063,christopher.francis@northwindgrp.com,christopher.francis@northwindgrp.com,christopher.francis@northwindgrp.com,christopher.francis@northwindgrp.com,GBR,New Federal Department,Ashish Denieal,Ashish Denieal,New Federal Department,Ashish Denieal,Ashish Denieal,1,Add,,,
W912DY-15-D-0023,,40063,christopher.francis@northwindgrp.com,christopher.francis@northwindgrp.com,christopher.francis@northwindgrp.com,christopher.francis@northwindgrp.com,GBR,New Federal Department,Ashish Denieal,Ashish Denieal,New Federal Department,Ashish Denieal,Ashish Denieal,1,Add,,,
W912DY-15-D-0023,,40063,christopher.francis@northwindgrp.com,christopher.francis@northwindgrp.com,christopher.francis@northwindgrp.com,christopher.francis@northwindgrp.com,GBR,New Federal Department,Ashish Denieal,Ashish Denieal,New Federal Department,Ashish Denieal,Ashish Denieal,1,Add,,,
W912DY-15-D-0023,,40063,christopher.francis@northwindgrp.com,christopher.francis@northwindgrp.com,christopher.francis@northwindgrp.com,christopher.francis@northwindgrp.com,GBR,New Federal Department,Ashish Denieal,Ashish Denieal,New Federal Department,Ashish Denieal,Ashish Denieal,1,Add,,,
W912DY-15-D-0023,,40063,christopher.francis@northwindgrp.com,christopher.francis@northwindgrp.com,christopher.francis@northwindgrp.com,christopher.francis@northwindgrp.com,GBR,New Federal Department,Ashish Denieal,Ashish Denieal,New Federal Department,Ashish Denieal,Ashish Denieal,1,Add,,,
W912DY-15-D-0023,,40063,christopher.francis@northwindgrp.com,christopher.francis@northwindgrp.com,christopher.francis@northwindgrp.com,christopher.francis@northwindgrp.com,GBR,New Federal Department,Ashish Denieal,Ashish Denieal,New Federal Department,Ashish Denieal,Ashish Denieal,1,Add,,,
W912DY-15-D-0023,,40063,christopher.francis@northwindgrp.com,christopher.francis@northwindgrp.com,christopher.francis@northwindgrp.com,christopher.francis@northwindgrp.com,GBR,New Federal Department,Ashish Denieal,Ashish Denieal,New Federal Department,Ashish Denieal,Ashish Denieal,1,Add,,,
W912DY-15-D-0023,,40063,christopher.francis@northwindgrp.com,christopher.francis@northwindgrp.com,christopher.francis@northwindgrp.com,christopher.francis@northwindgrp.com,GBR,New Federal Department,Ashish Denieal,Ashish Denieal,New Federal Department,Ashish Denieal,Ashish Denieal,1,Add,,,
W912DY-15-D-0023,,40063,christopher.francis@northwindgrp.com,christopher.francis@northwindgrp.com,christopher.francis@northwindgrp.com,christopher.francis@northwindgrp.com,GBR,New Federal Department,Ashish Denieal,Ashish Denieal,New Federal Department,Ashish Denieal,Ashish Denieal,1,Add,,,
W912DY-15-D-0023,,40063,christopher.francis@northwindgrp.com,christopher.francis@northwindgrp.com,christopher.francis@northwindgrp.com,christopher.francis@northwindgrp.com,GBR,New Federal Department,Ashish Denieal,Ashish Denieal,New Federal Department,Ashish Denieal,Ashish Denieal,1,Add,,,
W912DY-15-D-0023,,40063,christopher.francis@northwindgrp.com,christopher.francis@northwindgrp.com,christopher.francis@northwindgrp.com,christopher.francis@northwindgrp.com,GBR,New Federal Department,Ashish Denieal,Ashish Denieal,New Federal Department,Ashish Denieal,Ashish Denieal,1,Add,,,
W912DY-15-D-0023,,40063,christopher.francis@northwindgrp.com,christopher.francis@northwindgrp.com,christopher.francis@northwindgrp.com,christopher.francis@northwindgrp.com,GBR,New Federal Department,Ashish Denieal,Ashish Denieal,New Federal Department,Ashish Denieal,Ashish Denieal,1,Add,,,
FA8903-16-D-0045,,10852,christopher.francis@northwindgrp.com,christopher.francis@northwindgrp.com,christopher.francis@northwindgrp.com,christopher.francis@northwindgrp.com,GBR,New Federal Department,Ashish Denieal,Ashish Denieal,New Federal Department,Ashish Denieal,Ashish Denieal,1,Add,,,
FA8903-16-D-0045,,10852,christopher.francis@northwindgrp.com,christopher.francis@northwindgrp.com,christopher.francis@northwindgrp.com,christopher.francis@northwindgrp.com,GBR,New Federal Department,Ashish Denieal,Ashish Denieal,New Federal Department,Ashish Denieal,Ashish Denieal,1,Add,,,
AG-67T0-C-16-0021,,30201,christopher.francis@northwindgrp.com,christopher.francis@northwindgrp.com,christopher.francis@northwindgrp.com,christopher.francis@northwindgrp.com,GBR,New Federal Department,Ashish Denieal,Ashish Denieal,New Federal Department,Ashish Denieal,Ashish Denieal,1,Add,,,
DJF-16-1200-V-0005040,,30203,christopher.francis@northwindgrp.com,christopher.francis@northwindgrp.com,christopher.francis@northwindgrp.com,christopher.francis@northwindgrp.com,GBR,New Federal Department,Ashish Denieal,Ashish Denieal,New Federal Department,Ashish Denieal,Ashish Denieal,1,Add,,,
DJF-16-1200-V-0005040,,30203,christopher.francis@northwindgrp.com,christopher.francis@northwindgrp.com,christopher.francis@northwindgrp.com,christopher.francis@northwindgrp.com,GBR,New Federal Department,Ashish Denieal,Ashish Denieal,New Federal Department,Ashish Denieal,Ashish Denieal,1,Add,,,
,,70009,christopher.francis@northwindgrp.com,christopher.francis@northwindgrp.com,christopher.francis@northwindgrp.com,christopher.francis@northwindgrp.com,GBR,New Federal Department,Ashish Denieal,Ashish Denieal,New Federal Department,Ashish Denieal,Ashish Denieal,1,Add,,,
W9126G-16-D-0004,,70010,christopher.francis@northwindgrp.com,christopher.francis@northwindgrp.com,christopher.francis@northwindgrp.com,christopher.francis@northwindgrp.com,GBR,New Federal Department,Ashish Denieal,Ashish Denieal,New Federal Department,Ashish Denieal,Ashish Denieal,1,Add,,,
DE-EM0004007,,80008,christopher.francis@northwindgrp.com,christopher.francis@northwindgrp.com,christopher.francis@northwindgrp.com,christopher.francis@northwindgrp.com,GBR,New Federal Department,Ashish Denieal,Ashish Denieal,New Federal Department,Ashish Denieal,Ashish Denieal,1,Add,,,
L17PC00024,,40093,christopher.francis@northwindgrp.com,christopher.francis@northwindgrp.com,christopher.francis@northwindgrp.com,christopher.francis@northwindgrp.com,GBR,New Federal Department,Ashish Denieal,Ashish Denieal,New Federal Department,Ashish Denieal,Ashish Denieal,1,Add,,,
L17PC00024,,40093,christopher.francis@northwindgrp.com,christopher.francis@northwindgrp.com,christopher.francis@northwindgrp.com,christopher.francis@northwindgrp.com,GBR,New Federal Department,Ashish Denieal,Ashish Denieal,New Federal Department,Ashish Denieal,Ashish Denieal,1,Add,,,
L17PC00024,,40093,christopher.francis@northwindgrp.com,christopher.francis@northwindgrp.com,christopher.francis@northwindgrp.com,christopher.francis@northwindgrp.com,GBR,New Federal Department,Ashish Denieal,Ashish Denieal,New Federal Department,Ashish Denieal,Ashish Denieal,1,Add,,,
L17PC00024,,40093,christopher.francis@northwindgrp.com,christopher.francis@northwindgrp.com,christopher.francis@northwindgrp.com,christopher.francis@northwindgrp.com,GBR,New Federal Department,Ashish Denieal,Ashish Denieal,New Federal Department,Ashish Denieal,Ashish Denieal,1,Add,,,
L17PC00024,,40093,christopher.francis@northwindgrp.com,christopher.francis@northwindgrp.com,christopher.francis@northwindgrp.com,christopher.francis@northwindgrp.com,GBR,New Federal Department,Ashish Denieal,Ashish Denieal,New Federal Department,Ashish Denieal,Ashish Denieal,1,Add,,,
L17PC00024,,40093,christopher.francis@northwindgrp.com,christopher.francis@northwindgrp.com,christopher.francis@northwindgrp.com,christopher.francis@northwindgrp.com,GBR,New Federal Department,Ashish Denieal,Ashish Denieal,New Federal Department,Ashish Denieal,Ashish Denieal,1,Add,,,
L17PC00024,,40093,christopher.francis@northwindgrp.com,christopher.francis@northwindgrp.com,christopher.francis@northwindgrp.com,christopher.francis@northwindgrp.com,GBR,New Federal Department,Ashish Denieal,Ashish Denieal,New Federal Department,Ashish Denieal,Ashish Denieal,1,Add,,,
L17PC00024,,40093,christopher.francis@northwindgrp.com,christopher.francis@northwindgrp.com,christopher.francis@northwindgrp.com,christopher.francis@northwindgrp.com,GBR,New Federal Department,Ashish Denieal,Ashish Denieal,New Federal Department,Ashish Denieal,Ashish Denieal,1,Add,,,
L17PC00024,,40093,christopher.francis@northwindgrp.com,christopher.francis@northwindgrp.com,christopher.francis@northwindgrp.com,christopher.francis@northwindgrp.com,GBR,New Federal Department,Ashish Denieal,Ashish Denieal,New Federal Department,Ashish Denieal,Ashish Denieal,1,Add,,,
L17PC00024,,40093,christopher.francis@northwindgrp.com,christopher.francis@northwindgrp.com,christopher.francis@northwindgrp.com,christopher.francis@northwindgrp.com,GBR,New Federal Department,Ashish Denieal,Ashish Denieal,New Federal Department,Ashish Denieal,Ashish Denieal,1,Add,,,
L17PC00024,,40093,christopher.francis@northwindgrp.com,christopher.francis@northwindgrp.com,christopher.francis@northwindgrp.com,christopher.francis@northwindgrp.com,GBR,New Federal Department,Ashish Denieal,Ashish Denieal,New Federal Department,Ashish Denieal,Ashish Denieal,1,Add,,,
L17PC00024,,40093,christopher.francis@northwindgrp.com,christopher.francis@northwindgrp.com,christopher.francis@northwindgrp.com,christopher.francis@northwindgrp.com,GBR,New Federal Department,Ashish Denieal,Ashish Denieal,New Federal Department,Ashish Denieal,Ashish Denieal,1,Add,,,
15-006,,80039,christopher.francis@northwindgrp.com,christopher.francis@northwindgrp.com,christopher.francis@northwindgrp.com,christopher.francis@northwindgrp.com,GBR,New Federal Department,Ashish Denieal,Ashish Denieal,New Federal Department,Ashish Denieal,Ashish Denieal,1,Add,,,
FA4861-17-D-A103,,40100,christopher.francis@northwindgrp.com,christopher.francis@northwindgrp.com,christopher.francis@northwindgrp.com,christopher.francis@northwindgrp.com,GBR,New Federal Department,Ashish Denieal,Ashish Denieal,New Federal Department,Ashish Denieal,Ashish Denieal,1,Add,,,
AG-67T0-C-17-0025,,30259,christopher.francis@northwindgrp.com,christopher.francis@northwindgrp.com,christopher.francis@northwindgrp.com,christopher.francis@northwindgrp.com,GBR,New Federal Department,Ashish Denieal,Ashish Denieal,New Federal Department,Ashish Denieal,Ashish Denieal,1,Add,,,
DE-AC07-05ID14517,,40110,christopher.francis@northwindgrp.com,christopher.francis@northwindgrp.com,christopher.francis@northwindgrp.com,christopher.francis@northwindgrp.com,GBR,New Federal Department,Ashish Denieal,Ashish Denieal,New Federal Department,Ashish Denieal,Ashish Denieal,1,Add,,,
EPSCM-2016-0012,,80110,christopher.francis@northwindgrp.com,christopher.francis@northwindgrp.com,christopher.francis@northwindgrp.com,christopher.francis@northwindgrp.com,GBR,New Federal Department,Ashish Denieal,Ashish Denieal,New Federal Department,Ashish Denieal,Ashish Denieal,1,Add,,,
L17PC00072,,40111,christopher.francis@northwindgrp.com,christopher.francis@northwindgrp.com,christopher.francis@northwindgrp.com,christopher.francis@northwindgrp.com,GBR,New Federal Department,Ashish Denieal,Ashish Denieal,New Federal Department,Ashish Denieal,Ashish Denieal,1,Add,,,
L17PC00072,,40111,christopher.francis@northwindgrp.com,christopher.francis@northwindgrp.com,christopher.francis@northwindgrp.com,christopher.francis@northwindgrp.com,GBR,New Federal Department,Ashish Denieal,Ashish Denieal,New Federal Department,Ashish Denieal,Ashish Denieal,1,Add,,,
L17PC00072,,40111,christopher.francis@northwindgrp.com,christopher.francis@northwindgrp.com,christopher.francis@northwindgrp.com,christopher.francis@northwindgrp.com,GBR,New Federal Department,Ashish Denieal,Ashish Denieal,New Federal Department,Ashish Denieal,Ashish Denieal,1,Add,,,
L17PC00072,,40111,christopher.francis@northwindgrp.com,christopher.francis@northwindgrp.com,christopher.francis@northwindgrp.com,christopher.francis@northwindgrp.com,GBR,New Federal Department,Ashish Denieal,Ashish Denieal,New Federal Department,Ashish Denieal,Ashish Denieal,1,Add,,,
L17PC00072,,40111,christopher.francis@northwindgrp.com,christopher.francis@northwindgrp.com,christopher.francis@northwindgrp.com,christopher.francis@northwindgrp.com,GBR,New Federal Department,Ashish Denieal,Ashish Denieal,New Federal Department,Ashish Denieal,Ashish Denieal,1,Add,,,
L17PC00072,,40111,christopher.francis@northwindgrp.com,christopher.francis@northwindgrp.com,christopher.francis@northwindgrp.com,christopher.francis@northwindgrp.com,GBR,New Federal Department,Ashish Denieal,Ashish Denieal,New Federal Department,Ashish Denieal,Ashish Denieal,1,Add,,,
L17PC00072,,40111,christopher.francis@northwindgrp.com,christopher.francis@northwindgrp.com,christopher.francis@northwindgrp.com,christopher.francis@northwindgrp.com,GBR,New Federal Department,Ashish Denieal,Ashish Denieal,New Federal Department,Ashish Denieal,Ashish Denieal,1,Add,,,
L17PC00072,,40111,christopher.francis@northwindgrp.com,christopher.francis@northwindgrp.com,christopher.francis@northwindgrp.com,christopher.francis@northwindgrp.com,GBR,New Federal Department,Ashish Denieal,Ashish Denieal,New Federal Department,Ashish Denieal,Ashish Denieal,1,Add,,,
L17PC00072,,40111,christopher.francis@northwindgrp.com,christopher.francis@northwindgrp.com,christopher.francis@northwindgrp.com,christopher.francis@northwindgrp.com,GBR,New Federal Department,Ashish Denieal,Ashish Denieal,New Federal Department,Ashish Denieal,Ashish Denieal,1,Add,,,
L17PC00072,,40111,christopher.francis@northwindgrp.com,christopher.francis@northwindgrp.com,christopher.francis@northwindgrp.com,christopher.francis@northwindgrp.com,GBR,New Federal Department,Ashish Denieal,Ashish Denieal,New Federal Department,Ashish Denieal,Ashish Denieal,1,Add,,,
4200000694,,40119,christopher.francis@northwindgrp.com,christopher.francis@northwindgrp.com,christopher.francis@northwindgrp.com,christopher.francis@northwindgrp.com,GBR,New Federal Department,Ashish Denieal,Ashish Denieal,New Federal Department,Ashish Denieal,Ashish Denieal,1,Add,,,
HSCG50-14-D-PXA701 ,19,20089.019,christopher.francis@northwindgrp.com,christopher.francis@northwindgrp.com,christopher.francis@northwindgrp.com,christopher.francis@northwindgrp.com,GBR,New Federal Department,Ashish Denieal,Ashish Denieal,New Federal Department,Ashish Denieal,Ashish Denieal,1,Add,,,
W9128F17A0002,,30283,christopher.francis@northwindgrp.com,christopher.francis@northwindgrp.com,christopher.francis@northwindgrp.com,christopher.francis@northwindgrp.com,GBR,New Federal Department,Ashish Denieal,Ashish Denieal,New Federal Department,Ashish Denieal,Ashish Denieal,1,Add,,,
W9128F17A0002,,30283,christopher.francis@northwindgrp.com,christopher.francis@northwindgrp.com,christopher.francis@northwindgrp.com,christopher.francis@northwindgrp.com,GBR,New Federal Department,Ashish Denieal,Ashish Denieal,New Federal Department,Ashish Denieal,Ashish Denieal,1,Add,,,
612,,80171,christopher.francis@northwindgrp.com,christopher.francis@northwindgrp.com,christopher.francis@northwindgrp.com,christopher.francis@northwindgrp.com,GBR,New Federal Department,Ashish Denieal,Ashish Denieal,New Federal Department,Ashish Denieal,Ashish Denieal,1,Add,,,
W56ZTN-17-D-0008,,60021,christopher.francis@northwindgrp.com,christopher.francis@northwindgrp.com,christopher.francis@northwindgrp.com,christopher.francis@northwindgrp.com,GBR,New Federal Department,Ashish Denieal,Ashish Denieal,New Federal Department,Ashish Denieal,Ashish Denieal,1,Add,3458,4467,
,,30288,christopher.francis@northwindgrp.com,christopher.francis@northwindgrp.com,christopher.francis@northwindgrp.com,christopher.francis@northwindgrp.com,GBR,New Federal Department,Ashish Denieal,Ashish Denieal,New Federal Department,Ashish Denieal,Ashish Denieal,1,Add,,,
700686658,,30284,christopher.francis@northwindgrp.com,christopher.francis@northwindgrp.com,christopher.francis@northwindgrp.com,christopher.francis@northwindgrp.com,GBR,New Federal Department,Ashish Denieal,Ashish Denieal,New Federal Department,Ashish Denieal,Ashish Denieal,1,Add,,,
W9124J-18-D-0007,,20121,christopher.francis@northwindgrp.com,christopher.francis@northwindgrp.com,christopher.francis@northwindgrp.com,christopher.francis@northwindgrp.com,GBR,New Federal Department,Ashish Denieal,Ashish Denieal,New Federal Department,Ashish Denieal,Ashish Denieal,1,Add,,,
NA,,90040,christopher.francis@northwindgrp.com,christopher.francis@northwindgrp.com,christopher.francis@northwindgrp.com,christopher.francis@northwindgrp.com,GBR,New Federal Department,Ashish Denieal,Ashish Denieal,New Federal Department,Ashish Denieal,Ashish Denieal,1,Add,,,
HSCG87-10-D-PJT035,,0A0001,christopher.francis@northwindgrp.com,christopher.francis@northwindgrp.com,christopher.francis@northwindgrp.com,christopher.francis@northwindgrp.com,GBR,New Federal Department,Ashish Denieal,Ashish Denieal,New Federal Department,Ashish Denieal,Ashish Denieal,1,Add,,,
80SSC01800006,,90050,christopher.francis@northwindgrp.com,christopher.francis@northwindgrp.com,christopher.francis@northwindgrp.com,christopher.francis@northwindgrp.com,GBR,New Federal Department,Ashish Denieal,Ashish Denieal,New Federal Department,Ashish Denieal,Ashish Denieal,1,Add,,,
80SSC01800006,,90050,christopher.francis@northwindgrp.com,christopher.francis@northwindgrp.com,christopher.francis@northwindgrp.com,christopher.francis@northwindgrp.com,GBR,New Federal Department,Ashish Denieal,Ashish Denieal,New Federal Department,Ashish Denieal,Ashish Denieal,1,Add,,,
80SSC01800006,,90050,christopher.francis@northwindgrp.com,christopher.francis@northwindgrp.com,christopher.francis@northwindgrp.com,christopher.francis@northwindgrp.com,GBR,New Federal Department,Ashish Denieal,Ashish Denieal,New Federal Department,Ashish Denieal,Ashish Denieal,1,Add,,,
80SSC01800006,,90050,christopher.francis@northwindgrp.com,christopher.francis@northwindgrp.com,christopher.francis@northwindgrp.com,christopher.francis@northwindgrp.com,GBR,New Federal Department,Ashish Denieal,Ashish Denieal,New Federal Department,Ashish Denieal,Ashish Denieal,1,Add,,,
80SSC01800006,,90050,christopher.francis@northwindgrp.com,christopher.francis@northwindgrp.com,christopher.francis@northwindgrp.com,christopher.francis@northwindgrp.com,GBR,New Federal Department,Ashish Denieal,Ashish Denieal,New Federal Department,Ashish Denieal,Ashish Denieal,1,Add,,,
80SSC01800006,,90050,christopher.francis@northwindgrp.com,christopher.francis@northwindgrp.com,christopher.francis@northwindgrp.com,christopher.francis@northwindgrp.com,GBR,New Federal Department,Ashish Denieal,Ashish Denieal,New Federal Department,Ashish Denieal,Ashish Denieal,1,Add,,,
80SSC018D0013,,100030,christopher.francis@northwindgrp.com,christopher.francis@northwindgrp.com,christopher.francis@northwindgrp.com,christopher.francis@northwindgrp.com,GBR,New Federal Department,Ashish Denieal,Ashish Denieal,New Federal Department,Ashish Denieal,Ashish Denieal,1,Add,,,
80SSC018D0013,,100030,christopher.francis@northwindgrp.com,christopher.francis@northwindgrp.com,christopher.francis@northwindgrp.com,christopher.francis@northwindgrp.com,GBR,New Federal Department,Ashish Denieal,Ashish Denieal,New Federal Department,Ashish Denieal,Ashish Denieal,1,Add,,,
80SSC018D0013,,100030,christopher.francis@northwindgrp.com,christopher.francis@northwindgrp.com,christopher.francis@northwindgrp.com,christopher.francis@northwindgrp.com,GBR,New Federal Department,Ashish Denieal,Ashish Denieal,New Federal Department,Ashish Denieal,Ashish Denieal,1,Add,,,
80SSC018D0013,,100030,christopher.francis@northwindgrp.com,christopher.francis@northwindgrp.com,christopher.francis@northwindgrp.com,christopher.francis@northwindgrp.com,GBR,New Federal Department,Ashish Denieal,Ashish Denieal,New Federal Department,Ashish Denieal,Ashish Denieal,1,Add,,,
80SSC018D0013,,100030,christopher.francis@northwindgrp.com,christopher.francis@northwindgrp.com,christopher.francis@northwindgrp.com,christopher.francis@northwindgrp.com,GBR,New Federal Department,Ashish Denieal,Ashish Denieal,New Federal Department,Ashish Denieal,Ashish Denieal,1,Add,,,
80SSC018D0013,,100030,christopher.francis@northwindgrp.com,christopher.francis@northwindgrp.com,christopher.francis@northwindgrp.com,christopher.francis@northwindgrp.com,GBR,New Federal Department,Ashish Denieal,Ashish Denieal,New Federal Department,Ashish Denieal,Ashish Denieal,1,Add,,,
FA500017D0056,,100004,christopher.francis@northwindgrp.com,christopher.francis@northwindgrp.com,christopher.francis@northwindgrp.com,christopher.francis@northwindgrp.com,GBR,New Federal Department,Ashish Denieal,Ashish Denieal,New Federal Department,Ashish Denieal,Ashish Denieal,1,Add,4631,4449,
W912K3-17-D-0011,,100006,christopher.francis@northwindgrp.com,christopher.francis@northwindgrp.com,christopher.francis@northwindgrp.com,christopher.francis@northwindgrp.com,GBR,New Federal Department,Ashish Denieal,Ashish Denieal,New Federal Department,Ashish Denieal,Ashish Denieal,1,Add,,4449,
16-13,,90004,christopher.francis@northwindgrp.com,christopher.francis@northwindgrp.com,christopher.francis@northwindgrp.com,christopher.francis@northwindgrp.com,GBR,New Federal Department,Ashish Denieal,Ashish Denieal,New Federal Department,Ashish Denieal,Ashish Denieal,1,Add,,,
FA5000-15-D-0007,,90024,christopher.francis@northwindgrp.com,christopher.francis@northwindgrp.com,christopher.francis@northwindgrp.com,christopher.francis@northwindgrp.com,GBR,New Federal Department,Ashish Denieal,Ashish Denieal,New Federal Department,Ashish Denieal,Ashish Denieal,1,Add,,,
GS00Q17GWD2203,,110002,christopher.francis@northwindgrp.com,christopher.francis@northwindgrp.com,christopher.francis@northwindgrp.com,christopher.francis@northwindgrp.com,GBR,New Federal Department,Ashish Denieal,Ashish Denieal,New Federal Department,Ashish Denieal,Ashish Denieal,1,Add,,,
W911KB18D0009,,100021,christopher.francis@northwindgrp.com,christopher.francis@northwindgrp.com,christopher.francis@northwindgrp.com,christopher.francis@northwindgrp.com,GBR,New Federal Department,Ashish Denieal,Ashish Denieal,New Federal Department,Ashish Denieal,Ashish Denieal,1,Add,4631,4449,
FA5004-17-D-C001,,100003,christopher.francis@northwindgrp.com,christopher.francis@northwindgrp.com,christopher.francis@northwindgrp.com,christopher.francis@northwindgrp.com,GBR,New Federal Department,Ashish Denieal,Ashish Denieal,New Federal Department,Ashish Denieal,Ashish Denieal,1,Add,,,
FA4861-17-D-A200,,90036,christopher.francis@northwindgrp.com,christopher.francis@northwindgrp.com,christopher.francis@northwindgrp.com,christopher.francis@northwindgrp.com,GBR,New Federal Department,Ashish Denieal,Ashish Denieal,New Federal Department,Ashish Denieal,Ashish Denieal,1,Add,,,
ID08120089,,90023,christopher.francis@northwindgrp.com,christopher.francis@northwindgrp.com,christopher.francis@northwindgrp.com,christopher.francis@northwindgrp.com,GBR,New Federal Department,Ashish Denieal,Ashish Denieal,New Federal Department,Ashish Denieal,Ashish Denieal,1,Add,4631,4449,
FA4600-16-D-6002,,90032,christopher.francis@northwindgrp.com,christopher.francis@northwindgrp.com,christopher.francis@northwindgrp.com,christopher.francis@northwindgrp.com,GBR,New Federal Department,Ashish Denieal,Ashish Denieal,New Federal Department,Ashish Denieal,Ashish Denieal,1,Add,,,
N44255-17-D-4008,,90031,christopher.francis@northwindgrp.com,christopher.francis@northwindgrp.com,christopher.francis@northwindgrp.com,christopher.francis@northwindgrp.com,GBR,New Federal Department,Ashish Denieal,Ashish Denieal,New Federal Department,Ashish Denieal,Ashish Denieal,1,Add,,,
HSCG87-10-D-PJT035,,110003,christopher.francis@northwindgrp.com,christopher.francis@northwindgrp.com,christopher.francis@northwindgrp.com,christopher.francis@northwindgrp.com,GBR,New Federal Department,Ashish Denieal,Ashish Denieal,New Federal Department,Ashish Denieal,Ashish Denieal,1,Add,,,
194927,,70019,christopher.francis@northwindgrp.com,christopher.francis@northwindgrp.com,christopher.francis@northwindgrp.com,christopher.francis@northwindgrp.com,GBR,New Federal Department,Ashish Denieal,Ashish Denieal,New Federal Department,Ashish Denieal,Ashish Denieal,1,Add,4049,4449,
072382-17-B-0024,,90002,christopher.francis@northwindgrp.com,christopher.francis@northwindgrp.com,christopher.francis@northwindgrp.com,christopher.francis@northwindgrp.com,GBR,New Federal Department,Ashish Denieal,Ashish Denieal,New Federal Department,Ashish Denieal,Ashish Denieal,1,Add,4631,4449,
4200000617,,40129,christopher.francis@northwindgrp.com,christopher.francis@northwindgrp.com,christopher.francis@northwindgrp.com,christopher.francis@northwindgrp.com,GBR,New Federal Department,Ashish Denieal,Ashish Denieal,New Federal Department,Ashish Denieal,Ashish Denieal,1,Add,,,
W911KB-17-D-0009,,90003,christopher.francis@northwindgrp.com,christopher.francis@northwindgrp.com,christopher.francis@northwindgrp.com,christopher.francis@northwindgrp.com,GBR,New Federal Department,Ashish Denieal,Ashish Denieal,New Federal Department,Ashish Denieal,Ashish Denieal,1,Add,4631,4449,
FA4621-17-D-0004,,90012,christopher.francis@northwindgrp.com,christopher.francis@northwindgrp.com,christopher.francis@northwindgrp.com,christopher.francis@northwindgrp.com,GBR,New Federal Department,Ashish Denieal,Ashish Denieal,New Federal Department,Ashish Denieal,Ashish Denieal,1,Add,,4735,
1243ZP18A0018,,30318,christopher.francis@northwindgrp.com,christopher.francis@northwindgrp.com,christopher.francis@northwindgrp.com,christopher.francis@northwindgrp.com,GBR,New Federal Department,Ashish Denieal,Ashish Denieal,New Federal Department,Ashish Denieal,Ashish Denieal,1,Add,,,
1243ZP18A0018,,30318,christopher.francis@northwindgrp.com,christopher.francis@northwindgrp.com,christopher.francis@northwindgrp.com,christopher.francis@northwindgrp.com,GBR,New Federal Department,Ashish Denieal,Ashish Denieal,New Federal Department,Ashish Denieal,Ashish Denieal,1,Add,,,
1243ZP18A0018,,30318,christopher.francis@northwindgrp.com,christopher.francis@northwindgrp.com,christopher.francis@northwindgrp.com,christopher.francis@northwindgrp.com,GBR,New Federal Department,Ashish Denieal,Ashish Denieal,New Federal Department,Ashish Denieal,Ashish Denieal,1,Add,,,
1243ZP18A0018,,30318,christopher.francis@northwindgrp.com,christopher.francis@northwindgrp.com,christopher.francis@northwindgrp.com,christopher.francis@northwindgrp.com,GBR,New Federal Department,Ashish Denieal,Ashish Denieal,New Federal Department,Ashish Denieal,Ashish Denieal,1,Add,,,
1243ZP18A0018,,30318,christopher.francis@northwindgrp.com,christopher.francis@northwindgrp.com,christopher.francis@northwindgrp.com,christopher.francis@northwindgrp.com,GBR,New Federal Department,Ashish Denieal,Ashish Denieal,New Federal Department,Ashish Denieal,Ashish Denieal,1,Add,,,
1243ZP18A0018,,30318,christopher.francis@northwindgrp.com,christopher.francis@northwindgrp.com,christopher.francis@northwindgrp.com,christopher.francis@northwindgrp.com,GBR,New Federal Department,Ashish Denieal,Ashish Denieal,New Federal Department,Ashish Denieal,Ashish Denieal,1,Add,,,
1243ZP18A0018,,30318,christopher.francis@northwindgrp.com,christopher.francis@northwindgrp.com,christopher.francis@northwindgrp.com,christopher.francis@northwindgrp.com,GBR,New Federal Department,Ashish Denieal,Ashish Denieal,New Federal Department,Ashish Denieal,Ashish Denieal,1,Add,,,
1243ZP18A0018,,30318,christopher.francis@northwindgrp.com,christopher.francis@northwindgrp.com,christopher.francis@northwindgrp.com,christopher.francis@northwindgrp.com,GBR,New Federal Department,Ashish Denieal,Ashish Denieal,New Federal Department,Ashish Denieal,Ashish Denieal,1,Add,,,
1243ZP18A0018,,30318,christopher.francis@northwindgrp.com,christopher.francis@northwindgrp.com,christopher.francis@northwindgrp.com,christopher.francis@northwindgrp.com,GBR,New Federal Department,Ashish Denieal,Ashish Denieal,New Federal Department,Ashish Denieal,Ashish Denieal,1,Add,,,
1243ZP18A0018,,30318,christopher.francis@northwindgrp.com,christopher.francis@northwindgrp.com,christopher.francis@northwindgrp.com,christopher.francis@northwindgrp.com,GBR,New Federal Department,Ashish Denieal,Ashish Denieal,New Federal Department,Ashish Denieal,Ashish Denieal,1,Add,,,
1243ZP18A0018,,30318,christopher.francis@northwindgrp.com,christopher.francis@northwindgrp.com,christopher.francis@northwindgrp.com,christopher.francis@northwindgrp.com,GBR,New Federal Department,Ashish Denieal,Ashish Denieal,New Federal Department,Ashish Denieal,Ashish Denieal,1,Add,,,
1243ZP18A0018,,30318,christopher.francis@northwindgrp.com,christopher.francis@northwindgrp.com,christopher.francis@northwindgrp.com,christopher.francis@northwindgrp.com,GBR,New Federal Department,Ashish Denieal,Ashish Denieal,New Federal Department,Ashish Denieal,Ashish Denieal,1,Add,,,
1243ZP18A0018,,30318,christopher.francis@northwindgrp.com,christopher.francis@northwindgrp.com,christopher.francis@northwindgrp.com,christopher.francis@northwindgrp.com,GBR,New Federal Department,Ashish Denieal,Ashish Denieal,New Federal Department,Ashish Denieal,Ashish Denieal,1,Add,,,
1243ZP18A0018,,30318,christopher.francis@northwindgrp.com,christopher.francis@northwindgrp.com,christopher.francis@northwindgrp.com,christopher.francis@northwindgrp.com,GBR,New Federal Department,Ashish Denieal,Ashish Denieal,New Federal Department,Ashish Denieal,Ashish Denieal,1,Add,,,
1243ZP18A0018,,30318,christopher.francis@northwindgrp.com,christopher.francis@northwindgrp.com,christopher.francis@northwindgrp.com,christopher.francis@northwindgrp.com,GBR,New Federal Department,Ashish Denieal,Ashish Denieal,New Federal Department,Ashish Denieal,Ashish Denieal,1,Add,,,
,,10906,christopher.francis@northwindgrp.com,christopher.francis@northwindgrp.com,christopher.francis@northwindgrp.com,christopher.francis@northwindgrp.com,GBR,New Federal Department,Ashish Denieal,Ashish Denieal,New Federal Department,Ashish Denieal,Ashish Denieal,1,Add,,,
,,10907,christopher.francis@northwindgrp.com,christopher.francis@northwindgrp.com,christopher.francis@northwindgrp.com,christopher.francis@northwindgrp.com,GBR,New Federal Department,Ashish Denieal,Ashish Denieal,New Federal Department,Ashish Denieal,Ashish Denieal,1,Add,,,
70Z08718DPJT24400,,100041,christopher.francis@northwindgrp.com,christopher.francis@northwindgrp.com,christopher.francis@northwindgrp.com,christopher.francis@northwindgrp.com,GBR,New Federal Department,Ashish Denieal,Ashish Denieal,New Federal Department,Ashish Denieal,Ashish Denieal,1,Add,4631,4449,
70Z08718DPJT24500,,90015,christopher.francis@northwindgrp.com,christopher.francis@northwindgrp.com,christopher.francis@northwindgrp.com,christopher.francis@northwindgrp.com,GBR,New Federal Department,Ashish Denieal,Ashish Denieal,New Federal Department,Ashish Denieal,Ashish Denieal,1,Add,4631,4449,
80SSC018D0006,,90050,christopher.francis@northwindgrp.com,christopher.francis@northwindgrp.com,christopher.francis@northwindgrp.com,christopher.francis@northwindgrp.com,GBR,New Federal Department,Ashish Denieal,Ashish Denieal,New Federal Department,Ashish Denieal,Ashish Denieal,1,Add,,,
80SSC018D0006,,90050,christopher.francis@northwindgrp.com,christopher.francis@northwindgrp.com,christopher.francis@northwindgrp.com,christopher.francis@northwindgrp.com,GBR,New Federal Department,Ashish Denieal,Ashish Denieal,New Federal Department,Ashish Denieal,Ashish Denieal,1,Add,,,
80SSC018D0006,,90050,christopher.francis@northwindgrp.com,christopher.francis@northwindgrp.com,christopher.francis@northwindgrp.com,christopher.francis@northwindgrp.com,GBR,New Federal Department,Ashish Denieal,Ashish Denieal,New Federal Department,Ashish Denieal,Ashish Denieal,1,Add,,,
80SSC018D0006,,90050,christopher.francis@northwindgrp.com,christopher.francis@northwindgrp.com,christopher.francis@northwindgrp.com,christopher.francis@northwindgrp.com,GBR,New Federal Department,Ashish Denieal,Ashish Denieal,New Federal Department,Ashish Denieal,Ashish Denieal,1,Add,,,
80SSC018D0006,,90050,christopher.francis@northwindgrp.com,christopher.francis@northwindgrp.com,christopher.francis@northwindgrp.com,christopher.francis@northwindgrp.com,GBR,New Federal Department,Ashish Denieal,Ashish Denieal,New Federal Department,Ashish Denieal,Ashish Denieal,1,Add,,,
80SSC018D0006,,90050,christopher.francis@northwindgrp.com,christopher.francis@northwindgrp.com,christopher.francis@northwindgrp.com,christopher.francis@northwindgrp.com,GBR,New Federal Department,Ashish Denieal,Ashish Denieal,New Federal Department,Ashish Denieal,Ashish Denieal,1,Add,,,
,,30334,christopher.francis@northwindgrp.com,christopher.francis@northwindgrp.com,christopher.francis@northwindgrp.com,christopher.francis@northwindgrp.com,GBR,New Federal Department,Ashish Denieal,Ashish Denieal,New Federal Department,Ashish Denieal,Ashish Denieal,1,Add,,,
,,10909,christopher.francis@northwindgrp.com,christopher.francis@northwindgrp.com,christopher.francis@northwindgrp.com,christopher.francis@northwindgrp.com,GBR,New Federal Department,Ashish Denieal,Ashish Denieal,New Federal Department,Ashish Denieal,Ashish Denieal,1,Add,,,
W912BV18D005,,30338,christopher.francis@northwindgrp.com,christopher.francis@northwindgrp.com,christopher.francis@northwindgrp.com,christopher.francis@northwindgrp.com,GBR,New Federal Department,Ashish Denieal,Ashish Denieal,New Federal Department,Ashish Denieal,Ashish Denieal,1,Add,,,
 1110-000-019-CS,,60029,christopher.francis@northwindgrp.com,christopher.francis@northwindgrp.com,christopher.francis@northwindgrp.com,christopher.francis@northwindgrp.com,GBR,New Federal Department,Ashish Denieal,Ashish Denieal,New Federal Department,Ashish Denieal,Ashish Denieal,1,Add,,,
12SPEC18D0007,,0B0001,christopher.francis@northwindgrp.com,christopher.francis@northwindgrp.com,christopher.francis@northwindgrp.com,christopher.francis@northwindgrp.com,GBR,New Federal Department,Ashish Denieal,Ashish Denieal,New Federal Department,Ashish Denieal,Ashish Denieal,1,Add,3458,4467,
12SPEC18D0007,,0B0001,christopher.francis@northwindgrp.com,christopher.francis@northwindgrp.com,christopher.francis@northwindgrp.com,christopher.francis@northwindgrp.com,GBR,New Federal Department,Ashish Denieal,Ashish Denieal,New Federal Department,Ashish Denieal,Ashish Denieal,1,Add,3458,4467,
12SPEC18D0007,,0B0001,christopher.francis@northwindgrp.com,christopher.francis@northwindgrp.com,christopher.francis@northwindgrp.com,christopher.francis@northwindgrp.com,GBR,New Federal Department,Ashish Denieal,Ashish Denieal,New Federal Department,Ashish Denieal,Ashish Denieal,1,Add,3458,4467,
12SPEC18D0007,,0B0001,christopher.francis@northwindgrp.com,christopher.francis@northwindgrp.com,christopher.francis@northwindgrp.com,christopher.francis@northwindgrp.com,GBR,New Federal Department,Ashish Denieal,Ashish Denieal,New Federal Department,Ashish Denieal,Ashish Denieal,1,Add,3458,4467,
12SPEC18D0007,,0B0001,christopher.francis@northwindgrp.com,christopher.francis@northwindgrp.com,christopher.francis@northwindgrp.com,christopher.francis@northwindgrp.com,GBR,New Federal Department,Ashish Denieal,Ashish Denieal,New Federal Department,Ashish Denieal,Ashish Denieal,1,Add,3458,4467,
12SPEC18D0007,,0B0001,christopher.francis@northwindgrp.com,christopher.francis@northwindgrp.com,christopher.francis@northwindgrp.com,christopher.francis@northwindgrp.com,GBR,New Federal Department,Ashish Denieal,Ashish Denieal,New Federal Department,Ashish Denieal,Ashish Denieal,1,Add,3458,4467,
12SPEC18D0007,,0B0001,christopher.francis@northwindgrp.com,christopher.francis@northwindgrp.com,christopher.francis@northwindgrp.com,christopher.francis@northwindgrp.com,GBR,New Federal Department,Ashish Denieal,Ashish Denieal,New Federal Department,Ashish Denieal,Ashish Denieal,1,Add,3458,4467,
12SPEC18D0007,,0B0001,christopher.francis@northwindgrp.com,christopher.francis@northwindgrp.com,christopher.francis@northwindgrp.com,christopher.francis@northwindgrp.com,GBR,New Federal Department,Ashish Denieal,Ashish Denieal,New Federal Department,Ashish Denieal,Ashish Denieal,1,Add,3458,4467,
12SPEC18D0007,,0B0001,christopher.francis@northwindgrp.com,christopher.francis@northwindgrp.com,christopher.francis@northwindgrp.com,christopher.francis@northwindgrp.com,GBR,New Federal Department,Ashish Denieal,Ashish Denieal,New Federal Department,Ashish Denieal,Ashish Denieal,1,Add,3458,4467,
12SPEC18D0007,,0B0001,christopher.francis@northwindgrp.com,christopher.francis@northwindgrp.com,christopher.francis@northwindgrp.com,christopher.francis@northwindgrp.com,GBR,New Federal Department,Ashish Denieal,Ashish Denieal,New Federal Department,Ashish Denieal,Ashish Denieal,1,Add,3458,4467,
12SPEC18D0007,,0B0001,christopher.francis@northwindgrp.com,christopher.francis@northwindgrp.com,christopher.francis@northwindgrp.com,christopher.francis@northwindgrp.com,GBR,New Federal Department,Ashish Denieal,Ashish Denieal,New Federal Department,Ashish Denieal,Ashish Denieal,1,Add,3458,4467,
12SPEC18D0007,,0B0001,christopher.francis@northwindgrp.com,christopher.francis@northwindgrp.com,christopher.francis@northwindgrp.com,christopher.francis@northwindgrp.com,GBR,New Federal Department,Ashish Denieal,Ashish Denieal,New Federal Department,Ashish Denieal,Ashish Denieal,1,Add,3458,4467,
12SPEC18D0007,,0B0001,christopher.francis@northwindgrp.com,christopher.francis@northwindgrp.com,christopher.francis@northwindgrp.com,christopher.francis@northwindgrp.com,GBR,New Federal Department,Ashish Denieal,Ashish Denieal,New Federal Department,Ashish Denieal,Ashish Denieal,1,Add,3458,4467,
12SPEC18D0007,,0B0001,christopher.francis@northwindgrp.com,christopher.francis@northwindgrp.com,christopher.francis@northwindgrp.com,christopher.francis@northwindgrp.com,GBR,New Federal Department,Ashish Denieal,Ashish Denieal,New Federal Department,Ashish Denieal,Ashish Denieal,1,Add,3458,4467,
12SPEC18D0007,,0B0001,christopher.francis@northwindgrp.com,christopher.francis@northwindgrp.com,christopher.francis@northwindgrp.com,christopher.francis@northwindgrp.com,GBR,New Federal Department,Ashish Denieal,Ashish Denieal,New Federal Department,Ashish Denieal,Ashish Denieal,1,Add,3458,4467,
 W9124M-18-D-0002,,90069,christopher.francis@northwindgrp.com,christopher.francis@northwindgrp.com,christopher.francis@northwindgrp.com,christopher.francis@northwindgrp.com,GBR,New Federal Department,Ashish Denieal,Ashish Denieal,New Federal Department,Ashish Denieal,Ashish Denieal,1,Add,,,
F15PC00081,,90029,christopher.francis@northwindgrp.com,christopher.francis@northwindgrp.com,christopher.francis@northwindgrp.com,christopher.francis@northwindgrp.com,GBR,New Federal Department,Ashish Denieal,Ashish Denieal,New Federal Department,Ashish Denieal,Ashish Denieal,1,Add,4631,4449,
FA8903-16-D-0045,,10911,christopher.francis@northwindgrp.com,christopher.francis@northwindgrp.com,christopher.francis@northwindgrp.com,christopher.francis@northwindgrp.com,GBR,New Federal Department,Ashish Denieal,Ashish Denieal,New Federal Department,Ashish Denieal,Ashish Denieal,1,Add,,,
P401-17-013,,30251,christopher.francis@northwindgrp.com,christopher.francis@northwindgrp.com,christopher.francis@northwindgrp.com,christopher.francis@northwindgrp.com,GBR,New Federal Department,Ashish Denieal,Ashish Denieal,New Federal Department,Ashish Denieal,Ashish Denieal,1,Add,,,
15-004-NW,,30345,christopher.francis@northwindgrp.com,christopher.francis@northwindgrp.com,christopher.francis@northwindgrp.com,christopher.francis@northwindgrp.com,GBR,New Federal Department,Ashish Denieal,Ashish Denieal,New Federal Department,Ashish Denieal,Ashish Denieal,1,Add,,,
W9128F-16-D-0029,,100043,christopher.francis@northwindgrp.com,christopher.francis@northwindgrp.com,christopher.francis@northwindgrp.com,christopher.francis@northwindgrp.com,GBR,New Federal Department,Ashish Denieal,Ashish Denieal,New Federal Department,Ashish Denieal,Ashish Denieal,1,Add,,,
N4425518D5023,,100044,christopher.francis@northwindgrp.com,christopher.francis@northwindgrp.com,christopher.francis@northwindgrp.com,christopher.francis@northwindgrp.com,GBR,New Federal Department,Ashish Denieal,Ashish Denieal,New Federal Department,Ashish Denieal,Ashish Denieal,1,Add,,,
140P1318D0008,,40144,christopher.francis@northwindgrp.com,christopher.francis@northwindgrp.com,christopher.francis@northwindgrp.com,christopher.francis@northwindgrp.com,GBR,New Federal Department,Ashish Denieal,Ashish Denieal,New Federal Department,Ashish Denieal,Ashish Denieal,1,Add,,,
140P1318D0008,,40144,christopher.francis@northwindgrp.com,christopher.francis@northwindgrp.com,christopher.francis@northwindgrp.com,christopher.francis@northwindgrp.com,GBR,New Federal Department,Ashish Denieal,Ashish Denieal,New Federal Department,Ashish Denieal,Ashish Denieal,1,Add,,,
140P1318D0008,,40144,christopher.francis@northwindgrp.com,christopher.francis@northwindgrp.com,christopher.francis@northwindgrp.com,christopher.francis@northwindgrp.com,GBR,New Federal Department,Ashish Denieal,Ashish Denieal,New Federal Department,Ashish Denieal,Ashish Denieal,1,Add,,,
140P1318D0008,,40144,christopher.francis@northwindgrp.com,christopher.francis@northwindgrp.com,christopher.francis@northwindgrp.com,christopher.francis@northwindgrp.com,GBR,New Federal Department,Ashish Denieal,Ashish Denieal,New Federal Department,Ashish Denieal,Ashish Denieal,1,Add,,,
1202NV18D0001,,30370,christopher.francis@northwindgrp.com,christopher.francis@northwindgrp.com,christopher.francis@northwindgrp.com,christopher.francis@northwindgrp.com,GBR,New Federal Department,Ashish Denieal,Ashish Denieal,New Federal Department,Ashish Denieal,Ashish Denieal,1,Add,,,
1202NV18D0001,,30370,christopher.francis@northwindgrp.com,christopher.francis@northwindgrp.com,christopher.francis@northwindgrp.com,christopher.francis@northwindgrp.com,GBR,New Federal Department,Ashish Denieal,Ashish Denieal,New Federal Department,Ashish Denieal,Ashish Denieal,1,Add,,,
,,80121,christopher.francis@northwindgrp.com,christopher.francis@northwindgrp.com,christopher.francis@northwindgrp.com,christopher.francis@northwindgrp.com,GBR,New Federal Department,Ashish Denieal,Ashish Denieal,New Federal Department,Ashish Denieal,Ashish Denieal,1,Add,,,
140L0618D0013,,30363,christopher.francis@northwindgrp.com,christopher.francis@northwindgrp.com,christopher.francis@northwindgrp.com,christopher.francis@northwindgrp.com,GBR,New Federal Department,Ashish Denieal,Ashish Denieal,New Federal Department,Ashish Denieal,Ashish Denieal,1,Add,,,
140L0618D0013,,30363,christopher.francis@northwindgrp.com,christopher.francis@northwindgrp.com,christopher.francis@northwindgrp.com,christopher.francis@northwindgrp.com,GBR,New Federal Department,Ashish Denieal,Ashish Denieal,New Federal Department,Ashish Denieal,Ashish Denieal,1,Add,,,
140L0618D0013,,30363,christopher.francis@northwindgrp.com,christopher.francis@northwindgrp.com,christopher.francis@northwindgrp.com,christopher.francis@northwindgrp.com,GBR,New Federal Department,Ashish Denieal,Ashish Denieal,New Federal Department,Ashish Denieal,Ashish Denieal,1,Add,,,
140L0618D0013,,30363,christopher.francis@northwindgrp.com,christopher.francis@northwindgrp.com,christopher.francis@northwindgrp.com,christopher.francis@northwindgrp.com,GBR,New Federal Department,Ashish Denieal,Ashish Denieal,New Federal Department,Ashish Denieal,Ashish Denieal,1,Add,,,
140L0618D0013,,30363,christopher.francis@northwindgrp.com,christopher.francis@northwindgrp.com,christopher.francis@northwindgrp.com,christopher.francis@northwindgrp.com,GBR,New Federal Department,Ashish Denieal,Ashish Denieal,New Federal Department,Ashish Denieal,Ashish Denieal,1,Add,,,
140R4018A0015,,30375,christopher.francis@northwindgrp.com,christopher.francis@northwindgrp.com,christopher.francis@northwindgrp.com,christopher.francis@northwindgrp.com,GBR,New Federal Department,Ashish Denieal,Ashish Denieal,New Federal Department,Ashish Denieal,Ashish Denieal,1,Add,,,
10913,,10913,christopher.francis@northwindgrp.com,christopher.francis@northwindgrp.com,christopher.francis@northwindgrp.com,christopher.francis@northwindgrp.com,GBR,New Federal Department,Ashish Denieal,Ashish Denieal,New Federal Department,Ashish Denieal,Ashish Denieal,1,Add,,,
,,100053,christopher.francis@northwindgrp.com,christopher.francis@northwindgrp.com,christopher.francis@northwindgrp.com,christopher.francis@northwindgrp.com,GBR,New Federal Department,Ashish Denieal,Ashish Denieal,New Federal Department,Ashish Denieal,Ashish Denieal,1,Add,,,
509035,,0C0001,christopher.francis@northwindgrp.com,christopher.francis@northwindgrp.com,christopher.francis@northwindgrp.com,christopher.francis@northwindgrp.com,GBR,New Federal Department,Ashish Denieal,Ashish Denieal,New Federal Department,Ashish Denieal,Ashish Denieal,1,Add,,,
140F0119D0003,,30378,christopher.francis@northwindgrp.com,christopher.francis@northwindgrp.com,christopher.francis@northwindgrp.com,christopher.francis@northwindgrp.com,GBR,New Federal Department,Ashish Denieal,Ashish Denieal,New Federal Department,Ashish Denieal,Ashish Denieal,1,Add,,,
140F0119D0003,,30378,christopher.francis@northwindgrp.com,christopher.francis@northwindgrp.com,christopher.francis@northwindgrp.com,christopher.francis@northwindgrp.com,GBR,New Federal Department,Ashish Denieal,Ashish Denieal,New Federal Department,Ashish Denieal,Ashish Denieal,1,Add,,,
140F0119D0003,,30378,christopher.francis@northwindgrp.com,christopher.francis@northwindgrp.com,christopher.francis@northwindgrp.com,christopher.francis@northwindgrp.com,GBR,New Federal Department,Ashish Denieal,Ashish Denieal,New Federal Department,Ashish Denieal,Ashish Denieal,1,Add,,,
140F0119D0003,,30378,christopher.francis@northwindgrp.com,christopher.francis@northwindgrp.com,christopher.francis@northwindgrp.com,christopher.francis@northwindgrp.com,GBR,New Federal Department,Ashish Denieal,Ashish Denieal,New Federal Department,Ashish Denieal,Ashish Denieal,1,Add,,,
140F0119D0003,,30378,christopher.francis@northwindgrp.com,christopher.francis@northwindgrp.com,christopher.francis@northwindgrp.com,christopher.francis@northwindgrp.com,GBR,New Federal Department,Ashish Denieal,Ashish Denieal,New Federal Department,Ashish Denieal,Ashish Denieal,1,Add,,,
25774-CC-FC1-JQ00-00003,,40148,christopher.francis@northwindgrp.com,christopher.francis@northwindgrp.com,christopher.francis@northwindgrp.com,christopher.francis@northwindgrp.com,GBR,New Federal Department,Ashish Denieal,Ashish Denieal,New Federal Department,Ashish Denieal,Ashish Denieal,1,Add,,,
W911KB-19-D-0007,,0G0001,christopher.francis@northwindgrp.com,christopher.francis@northwindgrp.com,christopher.francis@northwindgrp.com,christopher.francis@northwindgrp.com,GBR,New Federal Department,Ashish Denieal,Ashish Denieal,New Federal Department,Ashish Denieal,Ashish Denieal,1,Add,,,
W911S8-18-D-0018,,50051,christopher.francis@northwindgrp.com,christopher.francis@northwindgrp.com,christopher.francis@northwindgrp.com,christopher.francis@northwindgrp.com,GBR,New Federal Department,Ashish Denieal,Ashish Denieal,New Federal Department,Ashish Denieal,Ashish Denieal,1,Add,,,
W911KB-17-D-0018,,60039,christopher.francis@northwindgrp.com,christopher.francis@northwindgrp.com,christopher.francis@northwindgrp.com,christopher.francis@northwindgrp.com,GBR,New Federal Department,Ashish Denieal,Ashish Denieal,New Federal Department,Ashish Denieal,Ashish Denieal,1,Add,,,
W912DW19D1024,,0F0001,christopher.francis@northwindgrp.com,christopher.francis@northwindgrp.com,christopher.francis@northwindgrp.com,christopher.francis@northwindgrp.com,GBR,New Federal Department,Ashish Denieal,Ashish Denieal,New Federal Department,Ashish Denieal,Ashish Denieal,1,Add,4049,4449,
W912DW19D1024,,0F0001,christopher.francis@northwindgrp.com,christopher.francis@northwindgrp.com,christopher.francis@northwindgrp.com,christopher.francis@northwindgrp.com,GBR,New Federal Department,Ashish Denieal,Ashish Denieal,New Federal Department,Ashish Denieal,Ashish Denieal,1,Add,4049,4449,
W912DW19D1024,,0F0001,christopher.francis@northwindgrp.com,christopher.francis@northwindgrp.com,christopher.francis@northwindgrp.com,christopher.francis@northwindgrp.com,GBR,New Federal Department,Ashish Denieal,Ashish Denieal,New Federal Department,Ashish Denieal,Ashish Denieal,1,Add,4049,4449,
W912DW19D1024,,0F0001,christopher.francis@northwindgrp.com,christopher.francis@northwindgrp.com,christopher.francis@northwindgrp.com,christopher.francis@northwindgrp.com,GBR,New Federal Department,Ashish Denieal,Ashish Denieal,New Federal Department,Ashish Denieal,Ashish Denieal,1,Add,4049,4449,
W912DW19D1024,,0F0001,christopher.francis@northwindgrp.com,christopher.francis@northwindgrp.com,christopher.francis@northwindgrp.com,christopher.francis@northwindgrp.com,GBR,New Federal Department,Ashish Denieal,Ashish Denieal,New Federal Department,Ashish Denieal,Ashish Denieal,1,Add,4049,4449,
W912DW19D1024,,0F0001,christopher.francis@northwindgrp.com,christopher.francis@northwindgrp.com,christopher.francis@northwindgrp.com,christopher.francis@northwindgrp.com,GBR,New Federal Department,Ashish Denieal,Ashish Denieal,New Federal Department,Ashish Denieal,Ashish Denieal,1,Add,4049,4449,
W912DW19D1024,,0F0001,christopher.francis@northwindgrp.com,christopher.francis@northwindgrp.com,christopher.francis@northwindgrp.com,christopher.francis@northwindgrp.com,GBR,New Federal Department,Ashish Denieal,Ashish Denieal,New Federal Department,Ashish Denieal,Ashish Denieal,1,Add,4049,4449,
W912DW19D1024,,0F0001,christopher.francis@northwindgrp.com,christopher.francis@northwindgrp.com,christopher.francis@northwindgrp.com,christopher.francis@northwindgrp.com,GBR,New Federal Department,Ashish Denieal,Ashish Denieal,New Federal Department,Ashish Denieal,Ashish Denieal,1,Add,4049,4449,
W912DW19D1024,,0F0001,christopher.francis@northwindgrp.com,christopher.francis@northwindgrp.com,christopher.francis@northwindgrp.com,christopher.francis@northwindgrp.com,GBR,New Federal Department,Ashish Denieal,Ashish Denieal,New Federal Department,Ashish Denieal,Ashish Denieal,1,Add,4049,4449,
W912DW19D1024,,0F0001,christopher.francis@northwindgrp.com,christopher.francis@northwindgrp.com,christopher.francis@northwindgrp.com,christopher.francis@northwindgrp.com,GBR,New Federal Department,Ashish Denieal,Ashish Denieal,New Federal Department,Ashish Denieal,Ashish Denieal,1,Add,4049,4449,
W912DW19D1024,,0F0001,christopher.francis@northwindgrp.com,christopher.francis@northwindgrp.com,christopher.francis@northwindgrp.com,christopher.francis@northwindgrp.com,GBR,New Federal Department,Ashish Denieal,Ashish Denieal,New Federal Department,Ashish Denieal,Ashish Denieal,1,Add,4049,4449,
W912PP19D0009,,30388,christopher.francis@northwindgrp.com,christopher.francis@northwindgrp.com,christopher.francis@northwindgrp.com,christopher.francis@northwindgrp.com,GBR,New Federal Department,Ashish Denieal,Ashish Denieal,New Federal Department,Ashish Denieal,Ashish Denieal,1,Add,,,
W912DY-14-D-0005,,update project number,christopher.francis@northwindgrp.com,christopher.francis@northwindgrp.com,christopher.francis@northwindgrp.com,christopher.francis@northwindgrp.com,GBR,New Federal Department,Ashish Denieal,Ashish Denieal,New Federal Department,Ashish Denieal,Ashish Denieal,1,Add,,,
426567,,80125,christopher.francis@northwindgrp.com,christopher.francis@northwindgrp.com,christopher.francis@northwindgrp.com,christopher.francis@northwindgrp.com,GBR,New Federal Department,Ashish Denieal,Ashish Denieal,New Federal Department,Ashish Denieal,Ashish Denieal,1,Add,,,
75N98019D00030,,70038,christopher.francis@northwindgrp.com,christopher.francis@northwindgrp.com,christopher.francis@northwindgrp.com,christopher.francis@northwindgrp.com,GBR,New Federal Department,Ashish Denieal,Ashish Denieal,New Federal Department,Ashish Denieal,Ashish Denieal,1,Add,3458,4467,
75N98019D00030,,70038,christopher.francis@northwindgrp.com,christopher.francis@northwindgrp.com,christopher.francis@northwindgrp.com,christopher.francis@northwindgrp.com,GBR,New Federal Department,Ashish Denieal,Ashish Denieal,New Federal Department,Ashish Denieal,Ashish Denieal,1,Add,3458,4467,
,,80139,christopher.francis@northwindgrp.com,christopher.francis@northwindgrp.com,christopher.francis@northwindgrp.com,christopher.francis@northwindgrp.com,GBR,New Federal Department,Ashish Denieal,Ashish Denieal,New Federal Department,Ashish Denieal,Ashish Denieal,1,Add,,,
HHSI242201800008I,,30341,christopher.francis@northwindgrp.com,christopher.francis@northwindgrp.com,christopher.francis@northwindgrp.com,christopher.francis@northwindgrp.com,GBR,New Federal Department,Ashish Denieal,Ashish Denieal,New Federal Department,Ashish Denieal,Ashish Denieal,1,Add,,,
HHSI242201800008I,,30341,christopher.francis@northwindgrp.com,christopher.francis@northwindgrp.com,christopher.francis@northwindgrp.com,christopher.francis@northwindgrp.com,GBR,New Federal Department,Ashish Denieal,Ashish Denieal,New Federal Department,Ashish Denieal,Ashish Denieal,1,Add,,,
HHSI242201800008I,,30341,christopher.francis@northwindgrp.com,christopher.francis@northwindgrp.com,christopher.francis@northwindgrp.com,christopher.francis@northwindgrp.com,GBR,New Federal Department,Ashish Denieal,Ashish Denieal,New Federal Department,Ashish Denieal,Ashish Denieal,1,Add,,,
HHSI242201800008I,,30341,christopher.francis@northwindgrp.com,christopher.francis@northwindgrp.com,christopher.francis@northwindgrp.com,christopher.francis@northwindgrp.com,GBR,New Federal Department,Ashish Denieal,Ashish Denieal,New Federal Department,Ashish Denieal,Ashish Denieal,1,Add,,,
19579,,80141,christopher.francis@northwindgrp.com,christopher.francis@northwindgrp.com,christopher.francis@northwindgrp.com,christopher.francis@northwindgrp.com,GBR,New Federal Department,Ashish Denieal,Ashish Denieal,New Federal Department,Ashish Denieal,Ashish Denieal,1,Add,,,
MCSA0090000,,10921,christopher.francis@northwindgrp.com,christopher.francis@northwindgrp.com,christopher.francis@northwindgrp.com,christopher.francis@northwindgrp.com,GBR,New Federal Department,Ashish Denieal,Ashish Denieal,New Federal Department,Ashish Denieal,Ashish Denieal,1,Add,,,
CW2247182,,10922,christopher.francis@northwindgrp.com,christopher.francis@northwindgrp.com,christopher.francis@northwindgrp.com,christopher.francis@northwindgrp.com,GBR,New Federal Department,Ashish Denieal,Ashish Denieal,New Federal Department,Ashish Denieal,Ashish Denieal,1,Add,,4449,
140L4319D0025,,30421,christopher.francis@northwindgrp.com,christopher.francis@northwindgrp.com,christopher.francis@northwindgrp.com,christopher.francis@northwindgrp.com,GBR,New Federal Department,Ashish Denieal,Ashish Denieal,New Federal Department,Ashish Denieal,Ashish Denieal,1,Add,,4449,
BOA No. 706,,80198,christopher.francis@northwindgrp.com,christopher.francis@northwindgrp.com,christopher.francis@northwindgrp.com,christopher.francis@northwindgrp.com,GBR,New Federal Department,Ashish Denieal,Ashish Denieal,New Federal Department,Ashish Denieal,Ashish Denieal,1,Add,773,4467,
W912EF19B00140002,,40162,christopher.francis@northwindgrp.com,christopher.francis@northwindgrp.com,christopher.francis@northwindgrp.com,christopher.francis@northwindgrp.com,GBR,New Federal Department,Ashish Denieal,Ashish Denieal,New Federal Department,Ashish Denieal,Ashish Denieal,1,Add,4073,4735,
